434000.0,3000.0,4340.0,30.0,0.0,0.0,382.0,434000.0,3000.0,4340.0,30.0,0.0,0.0,12.0,434000.0,3000.0,4340.0,30.0,0.0,0.0,43.0,1.0,0.0,0.6951932,0.30480686,0.98226017,0.017739823,-5.874
445000.0,20000.0,4450.0,200.0,0.9749676585197449,0.025032293051481247,403.0,445000.0,20000.0,4450.0,200.0,0.4379512369632721,0.5620487928390503,10.0,445000.0,20000.0,4450.0,200.0,0.6779282689094543,0.32207173109054565,52.0,0.97496766,0.025032293,0.43795124,0.5620488,0.67792827,0.32207173,-5.93
33000.0,457000.0,330.0,4570.0,0.0,1.0,419.0,33000.0,457000.0,330.0,4570.0,0.39946579933166504,0.600534200668335,10.0,33000.0,457000.0,330.0,4570.0,0.48006728291511536,0.519932746887207,61.0,0.0,1.0,0.3994658,0.6005342,0.48006728,0.51993275,-5.98
479000.0,34000.0,4790.0,340.0,0.8725205659866333,0.1274794042110443,431.0,479000.0,34000.0,4790.0,340.0,0.7172814011573792,0.28271862864494324,14.0,479000.0,34000.0,4790.0,340.0,0.7133236527442932,0.2866763174533844,68.0,0.87252057,0.1274794,0.7172814,0.28271863,0.71332365,0.28667632,-6.026
206000.0,328000.0,2060.0,3280.0,0.37542057037353516,0.6245793700218201,438.0,206000.0,328000.0,2060.0,3280.0,0.568148672580719,0.4318513572216034,21.0,206000.0,328000.0,2060.0,3280.0,0.5635354518890381,0.4364645481109619,75.0,0.37542057,0.62457937,0.5681487,0.43185136,0.56353545,0.43646455,-6.068
176000.0,374000.0,1760.0,3740.0,0.3074926435947418,0.6925073862075806,439.0,176000.0,374000.0,1760.0,3740.0,0.48961836099624634,0.5103816390037537,30.0,176000.0,374000.0,1760.0,3740.0,0.565275251865387,0.43472474813461304,81.0,0.30749264,0.6925074,0.48961836,0.51038164,0.56527525,0.43472475,-6.1
100000.0,463000.0,1000.0,4630.0,0.0,1.0,436.0,100000.0,463000.0,1000.0,4630.0,0.5021494030952454,0.497850626707077,42.0,100000.0,463000.0,1000.0,4630.0,0.8432942628860474,0.15670572221279144,85.0,0.0,1.0,0.5021494,0.49785063,0.84329426,0.15670572,-6.126
256000.0,316000.0,2560.0,3160.0,0.5312519073486328,0.4687481224536896,428.0,256000.0,316000.0,2560.0,3160.0,0.4511515498161316,0.5488483905792236,56.0,256000.0,316000.0,2560.0,3160.0,0.021276619285345078,0.978723406791687,88.0,0.5312519,0.46874812,0.45115155,0.5488484,0.02127662,0.9787234,-6.144
343000.0,233000.0,3430.0,2330.0,0.45639336109161377,0.543606698513031,415.0,343000.0,233000.0,3430.0,2330.0,0.9053062796592712,0.09469368308782578,72.0,343000.0,233000.0,3430.0,2330.0,0.872886598110199,0.12711340188980103,89.0,0.45639336,0.5436067,0.9053063,0.09469368,0.8728866,0.1271134,-6.152
438000.0,139000.0,4380.0,1390.0,0.7182523012161255,0.2817476689815521,398.0,438000.0,139000.0,4380.0,1390.0,0.46633481979370117,0.5336651802062988,90.0,438000.0,139000.0,4380.0,1390.0,0.9608846306800842,0.03911535069346428,89.0,0.7182523,0.28174767,0.46633482,0.5336652,0.96088463,0.03911535,-6.154
329000.0,243000.0,3290.0,2430.0,0.5410519242286682,0.4589480459690094,376.0,329000.0,243000.0,3290.0,2430.0,0.4289661645889282,0.5710338950157166,108.0,329000.0,243000.0,3290.0,2430.0,0.8072373867034912,0.19276267290115356,88.0,0.5410519,0.45894805,0.42896616,0.5710339,0.8072374,0.19276267,-6.144
372000.0,192000.0,3720.0,1920.0,0.9251629114151001,0.07483703643083572,352.0,372000.0,192000.0,3720.0,1920.0,0.0,1.0,127.0,372000.0,192000.0,3720.0,1920.0,0.28766557574272156,0.712334394454956,85.0,0.9251629,0.07483704,0.0,1.0,0.28766558,0.7123344,-6.128
218000.0,332000.0,2180.0,3320.0,0.5932109951972961,0.4067889451980591,324.0,218000.0,332000.0,2180.0,3320.0,0.0,1.0,146.0,218000.0,332000.0,2180.0,3320.0,0.28374817967414856,0.716251790523529,80.0,0.593211,0.40678895,0.0,1.0,0.28374818,0.7162518,-6.1
180000.0,353000.0,1800.0,3530.0,0.2686677575111389,0.7313321828842163,294.0,180000.0,353000.0,1800.0,3530.0,0.42762890458106995,0.5723711252212524,165.0,180000.0,353000.0,1800.0,3530.0,0.6372421979904175,0.3627578616142273,74.0,0.26866776,0.7313322,0.4276289,0.5723711,0.6372422,0.36275786,-6.066
115000.0,398000.0,1150.0,3980.0,0.0,1.0,263.0,115000.0,398000.0,1150.0,3980.0,0.5748729705810547,0.4251270294189453,183.0,115000.0,398000.0,1150.0,3980.0,0.1731584221124649,0.8268415331840515,67.0,0.0,1.0,0.574873,0.42512703,0.17315842,0.82684153,-6.026
218000.0,272000.0,2180.0,2720.0,0.5607209801673889,0.43927904963493347,231.0,218000.0,272000.0,2180.0,2720.0,0.20228257775306702,0.7977173924446106,199.0,218000.0,272000.0,2180.0,2720.0,1.0,0.0,60.0,0.560721,0.43927905,0.20228258,0.7977174,1.0,0.0,-5.98
82000.0,383000.0,820.0,3830.0,0.25719141960144043,0.7428085803985596,200.0,82000.0,383000.0,820.0,3830.0,0.08263081312179565,0.9173691272735596,214.0,82000.0,383000.0,820.0,3830.0,0.7740354537963867,0.2259645313024521,51.0,0.25719142,0.7428086,0.08263081,0.9173691,0.77403545,0.22596453,-5.93
314000.0,123000.0,3140.0,1230.0,0.31809261441230774,0.6819073557853699,169.0,314000.0,123000.0,3140.0,1230.0,0.9423894286155701,0.05761056765913963,226.0,314000.0,123000.0,3140.0,1230.0,1.0,0.0,42.0,0.3180926,0.68190736,0.9423894,0.057610568,1.0,0.0,-5.8740000000000006
235000.0,173000.0,2350.0,1730.0,0.6936185956001282,0.3063814043998718,140.0,235000.0,173000.0,2350.0,1730.0,0.5035136938095093,0.4964863061904907,236.0,235000.0,173000.0,2350.0,1730.0,0.39814651012420654,0.6018534898757935,32.0,0.6936186,0.3063814,0.5035137,0.4964863,0.3981465,0.6018535,-5.816
120000.0,261000.0,1200.0,2610.0,0.4303411543369293,0.5696588754653931,114.0,120000.0,261000.0,1200.0,2610.0,0.2999977171421051,0.7000023126602173,244.0,120000.0,261000.0,1200.0,2610.0,0.5048468112945557,0.49515312910079956,23.0,0.43034115,0.5696589,0.29999772,0.7000023,0.5048468,0.49515313,-5.7620000000000005
30000.0,322000.0,300.0,3220.0,0.28220587968826294,0.7177940607070923,91.0,30000.0,322000.0,300.0,3220.0,0.0,1.0,248.0,30000.0,322000.0,300.0,3220.0,0.6815967559814453,0.3184032738208771,13.0,0.28220588,0.71779406,0.0,1.0,0.68159676,0.31840327,-5.704000000000001
280000.0,45000.0,2800.0,450.0,0.7442552447319031,0.25574472546577454,72.0,280000.0,45000.0,2800.0,450.0,0.8107964992523193,0.1892034113407135,249.0,280000.0,45000.0,2800.0,450.0,0.2720552086830139,0.7279447317123413,4.0,0.74425524,0.25574473,0.8107965,0.18920341,0.2720552,0.72794473,-5.65
49000.0,255000.0,490.0,2550.0,0.4214666783809662,0.5785332918167114,56.0,49000.0,255000.0,490.0,2550.0,0.18363147974014282,0.816368579864502,248.0,49000.0,255000.0,490.0,2550.0,0.2719710171222687,0.7280290126800537,0.0,0.42146668,0.5785333,0.18363148,0.8163686,0.27197102,0.728029,-5.608
184000.0,105000.0,1840.0,1050.0,0.2010350078344345,0.7989649772644043,46.0,184000.0,105000.0,1840.0,1050.0,0.6862068176269531,0.3137931823730469,243.0,184000.0,105000.0,1840.0,1050.0,0.69957435131073,0.3004256784915924,0.0,0.20103501,0.798965,0.6862068,0.31379318,0.69957435,0.30042568,-5.577999999999999
34000.0,242000.0,340.0,2420.0,0.7706966400146484,0.22930334508419037,40.0,34000.0,242000.0,340.0,2420.0,0.0,1.0,236.0,34000.0,242000.0,340.0,2420.0,0.19052959978580475,0.8094704151153564,0.0,0.77069664,0.22930335,0.0,1.0,0.1905296,0.8094704,-5.552
167000.0,99000.0,1670.0,990.0,1.0,0.0,40.0,167000.0,99000.0,1670.0,990.0,0.5502846837043762,0.4497152864933014,226.0,167000.0,99000.0,1670.0,990.0,0.654221773147583,0.345778226852417,0.0,1.0,0.0,0.5502847,0.4497153,0.6542218,0.34577823,-5.532
161000.0,96000.0,1610.0,960.0,0.35937750339508057,0.6406224370002747,44.0,161000.0,96000.0,1610.0,960.0,0.6516503095626831,0.3483496606349945,213.0,161000.0,96000.0,1610.0,960.0,0.4637751579284668,0.5362248420715332,0.0,0.3593775,0.64062244,0.6516503,0.34834966,0.46377516,0.53622484,-5.514
133000.0,120000.0,1330.0,1200.0,0.47789716720581055,0.5221028327941895,54.0,133000.0,120000.0,1330.0,1200.0,0.5319722294807434,0.4680277407169342,199.0,133000.0,120000.0,1330.0,1200.0,0.5526559352874756,0.44734400510787964,0.0,0.47789717,0.52210283,0.5319722,0.46802774,0.55265594,0.447344,-5.506
34000.0,216000.0,340.0,2160.0,0.5050482749938965,0.49495169520378113,68.0,34000.0,216000.0,340.0,2160.0,0.019996969029307365,0.9800029993057251,182.0,34000.0,216000.0,340.0,2160.0,0.564245879650116,0.43575409054756165,0.0,0.5050483,0.4949517,0.019996969,0.980003,0.5642459,0.4357541,-5.5
102000.0,149000.0,1020.0,1490.0,0.8607198596000671,0.13928017020225525,86.0,102000.0,149000.0,1020.0,1490.0,0.19775062799453735,0.8022493720054626,165.0,102000.0,149000.0,1020.0,1490.0,0.0,1.0,0.0,0.86071986,0.13928017,0.19775063,0.8022494,0.0,1.0,-5.502000000000001
169000.0,86000.0,1690.0,860.0,0.7040159702301025,0.2959839999675751,109.0,169000.0,86000.0,1690.0,860.0,0.5753796696662903,0.42462030053138733,146.0,169000.0,86000.0,1690.0,860.0,0.5645285844802856,0.43547144532203674,0.0,0.704016,0.295984,0.57537967,0.4246203,0.5645286,0.43547145,-5.51
189000.0,72000.0,1890.0,720.0,0.5486688017845154,0.45133113861083984,134.0,189000.0,72000.0,1890.0,720.0,0.8170472979545593,0.18295268714427948,127.0,189000.0,72000.0,1890.0,720.0,0.6214537024497986,0.37854626774787903,0.0,0.5486688,0.45133114,0.8170473,0.18295269,0.6214537,0.37854627,-5.522
108000.0,163000.0,1080.0,1630.0,0.0,1.0,163.0,108000.0,163000.0,1080.0,1630.0,1.0,0.0,108.0,108000.0,163000.0,1080.0,1630.0,0.4999390244483948,0.5000609755516052,0.0,0.0,1.0,1.0,0.0,0.49993902,0.500061,-5.542
171000.0,111000.0,1710.0,1110.0,0.6457623839378357,0.3542376160621643,193.0,171000.0,111000.0,1710.0,1110.0,0.45200538635253906,0.5479946732521057,89.0,171000.0,111000.0,1710.0,1110.0,0.8233826756477356,0.1766173392534256,0.0,0.6457624,0.35423762,0.4520054,0.5479947,0.8233827,0.17661734,-5.564
222000.0,74000.0,2220.0,740.0,0.723085880279541,0.27691414952278137,224.0,222000.0,74000.0,2220.0,740.0,0.6293907761573792,0.37060922384262085,72.0,222000.0,74000.0,2220.0,740.0,0.848161518573761,0.15183845162391663,0.0,0.7230859,0.27691415,0.6293908,0.37060922,0.8481615,0.15183845,-5.5920000000000005
87000.0,227000.0,870.0,2270.0,0.2843993902206421,0.7156005501747131,256.0,87000.0,227000.0,870.0,2270.0,0.4854726195335388,0.5145273804664612,56.0,87000.0,227000.0,870.0,2270.0,0.5007234811782837,0.4992765784263611,2.0,0.2843994,0.71560055,0.48547262,0.5145274,0.5007235,0.49927658,-5.628
300000.0,39000.0,3000.0,390.0,1.0,0.0,287.0,300000.0,39000.0,3000.0,390.0,0.3154758810997009,0.6845241189002991,42.0,300000.0,39000.0,3000.0,390.0,0.26375702023506165,0.736242949962616,10.0,1.0,0.0,0.31547588,0.6845241,0.26375702,0.73624295,-5.678
226000.0,142000.0,2260.0,1420.0,0.6102322936058044,0.38976773619651794,318.0,226000.0,142000.0,2260.0,1420.0,0.48252540826797485,0.5174745917320251,30.0,226000.0,142000.0,2260.0,1420.0,0.4541354179382324,0.5458645820617676,20.0,0.6102323,0.38976774,0.4825254,0.5174746,0.45413542,0.5458646,-5.736
27000.0,369000.0,270.0,3690.0,0.0,1.0,346.0,27000.0,369000.0,270.0,3690.0,0.567754864692688,0.4322451055049896,21.0,27000.0,369000.0,270.0,3690.0,0.5213773250579834,0.4786226451396942,29.0,0.0,1.0,0.56775486,0.4322451,0.5213773,0.47862265,-5.792
301000.0,123000.0,3010.0,1230.0,0.6928565502166748,0.3071434497833252,371.0,301000.0,123000.0,3010.0,1230.0,1.0,0.0,14.0,301000.0,123000.0,3010.0,1230.0,0.34232574701309204,0.657674252986908,39.0,0.69285655,0.30714345,1.0,0.0,0.34232575,0.65767425,-5.848000000000001
32000.0,419000.0,320.0,4190.0,0.0,1.0,393.0,32000.0,419000.0,320.0,4190.0,0.7541082501411438,0.2458917200565338,10.0,32000.0,419000.0,320.0,4190.0,0.0,0.0,48.0,0.0,1.0,0.75410825,0.24589172,0.0,0.0,-5.902
136000.0,343000.0,1360.0,3430.0,0.25780338048934937,0.7421966195106506,412.0,136000.0,343000.0,1360.0,3430.0,0.4677135646343231,0.5322864055633545,10.0,136000.0,343000.0,1360.0,3430.0,0.796508252620697,0.20349176228046417,57.0,0.25780338,0.7421966,0.46771356,0.5322864,0.79650825,0.20349176,-5.958
207000.0,296000.0,2070.0,2960.0,0.3993091285228729,0.6006909012794495,426.0,207000.0,296000.0,2070.0,2960.0,0.6163986325263977,0.3836013078689575,12.0,207000.0,296000.0,2070.0,2960.0,0.5957240462303162,0.4042759835720062,65.0,0.39930913,0.6006909,0.61639863,0.3836013,0.59572405,0.40427598,-6.006
70000.0,454000.0,700.0,4540.0,0.006262460257858038,0.993737518787384,435.0,70000.0,454000.0,700.0,4540.0,0.7081273198127747,0.29187268018722534,17.0,70000.0,454000.0,700.0,4540.0,0.7326542735099792,0.26734569668769836,72.0,0.0062624603,0.9937375,0.7081273,0.29187268,0.7326543,0.2673457,-6.048
398000.0,144000.0,3980.0,1440.0,0.7338786125183105,0.2661212980747223,439.0,398000.0,144000.0,3980.0,1440.0,0.4910115897655487,0.5089884400367737,25.0,398000.0,144000.0,3980.0,1440.0,0.4889647364616394,0.5110352635383606,78.0,0.7338786,0.2661213,0.4910116,0.50898844,0.48896474,0.51103526,-6.084
204000.0,353000.0,2040.0,3530.0,0.43410786986351013,0.5658921599388123,438.0,204000.0,353000.0,2040.0,3530.0,0.5685086846351624,0.43149128556251526,36.0,204000.0,353000.0,2040.0,3530.0,0.0,1.0,83.0,0.43410787,0.56589216,0.5685087,0.4314913,0.0,1.0,-6.114
354000.0,215000.0,3540.0,2150.0,0.7215766310691833,0.2784233093261719,433.0,354000.0,215000.0,3540.0,2150.0,0.38779932260513306,0.6122006773948669,49.0,354000.0,215000.0,3540.0,2150.0,0.017997078597545624,0.9820029735565186,87.0,0.72157663,0.2784233,0.38779932,0.6122007,0.017997079,0.982003,-6.138
234000.0,341000.0,2340.0,3410.0,0.330839067697525,0.6691609621047974,422.0,234000.0,341000.0,2340.0,3410.0,0.5270355343818665,0.47296446561813354,64.0,234000.0,341000.0,2340.0,3410.0,0.7967382669448853,0.20326176285743713,89.0,0.33083907,0.66916096,0.52703553,0.47296447,0.79673827,0.20326176,-6.15
151000.0,426000.0,1510.0,4260.0,0.33305034041404724,0.6669496297836304,407.0,151000.0,426000.0,1510.0,4260.0,0.11424600332975388,0.8857539892196655,81.0,151000.0,426000.0,1510.0,4260.0,0.37446510791778564,0.6255348920822144,89.0,0.33305034,0.6669496,0.114246,0.885754,0.3744651,0.6255349,-6.154
246000.0,329000.0,2460.0,3290.0,0.3924998641014099,0.6075001358985901,387.0,246000.0,329000.0,2460.0,3290.0,1.0,0.0,99.0,246000.0,329000.0,2460.0,3290.0,0.15274560451507568,0.8472543954849243,89.0,0.39249986,0.60750014,1.0,0.0,0.1527456,0.8472544,-6.15
387000.0,181000.0,3870.0,1810.0,0.7821093201637268,0.2178906351327896,364.0,387000.0,181000.0,3870.0,1810.0,0.4783265292644501,0.5216734409332275,118.0,387000.0,181000.0,3870.0,1810.0,0.29523372650146484,0.7047662734985352,86.0,0.7821093,0.21789064,0.47832653,0.52167344,0.29523373,0.7047663,-6.136
347000.0,210000.0,3470.0,2100.0,0.7435785531997681,0.25642144680023193,338.0,347000.0,210000.0,3470.0,2100.0,0.45229196548461914,0.5477080345153809,137.0,347000.0,210000.0,3470.0,2100.0,0.24286498129367828,0.7571350336074829,82.0,0.74357855,0.25642145,0.45229197,0.54770803,0.24286498,0.75713503,-6.114
335000.0,207000.0,3350.0,2070.0,0.8209390640258789,0.1790609508752823,309.0,335000.0,207000.0,3350.0,2070.0,0.0,1.0,156.0,335000.0,207000.0,3350.0,2070.0,0.6939978003501892,0.3060021996498108,77.0,0.82093906,0.17906095,0.0,1.0,0.6939978,0.3060022,-6.084
195000.0,328000.0,1950.0,3280.0,0.29715976119041443,0.7028402090072632,278.0,195000.0,328000.0,1950.0,3280.0,0.5105891227722168,0.4894109070301056,174.0,195000.0,328000.0,1950.0,3280.0,0.5196189284324646,0.4803811013698578,71.0,0.29715976,0.7028402,0.5105891,0.4894109,0.5196189,0.4803811,-6.046
255000.0,245000.0,2550.0,2450.0,0.4947989583015442,0.5052011013031006,246.0,255000.0,245000.0,2550.0,2450.0,0.5988917350769043,0.4011082649230957,191.0,255000.0,245000.0,2550.0,2450.0,0.2957253158092499,0.7042747139930725,63.0,0.49479896,0.5052011,0.59889174,0.40110826,0.29572532,0.7042747,-6.0
130000.0,347000.0,1300.0,3470.0,0.0,1.0,215.0,130000.0,347000.0,1300.0,3470.0,0.3906933069229126,0.6093066930770874,207.0,130000.0,347000.0,1300.0,3470.0,1.0,0.0,55.0,0.0,1.0,0.3906933,0.6093067,1.0,0.0,-5.954
206000.0,244000.0,2060.0,2440.0,0.35011953115463257,0.6498805284500122,184.0,206000.0,244000.0,2060.0,2440.0,0.5980728268623352,0.4019271731376648,220.0,206000.0,244000.0,2060.0,2440.0,0.28597280383110046,0.7140271663665771,46.0,0.35011953,0.6498805,0.5980728,0.40192717,0.2859728,0.71402717,-5.9
182000.0,241000.0,1820.0,2410.0,0.3738514184951782,0.626148521900177,154.0,182000.0,241000.0,1820.0,2410.0,0.483755499124527,0.5162445306777954,232.0,182000.0,241000.0,1820.0,2410.0,0.4874548614025116,0.512545108795166,37.0,0.37385142,0.6261485,0.4837555,0.51624453,0.48745486,0.5125451,-5.846
197000.0,196000.0,1970.0,1960.0,0.0,1.0,126.0,197000.0,196000.0,1970.0,1960.0,0.7575252652168274,0.24247470498085022,240.0,197000.0,196000.0,1970.0,1960.0,0.0,1.0,27.0,0.0,1.0,0.75752527,0.2424747,0.0,1.0,-5.786
38000.0,328000.0,380.0,3280.0,0.311904639005661,0.6880953907966614,102.0,38000.0,328000.0,380.0,3280.0,0.0,1.0,246.0,38000.0,328000.0,380.0,3280.0,0.5760365128517151,0.4239635169506073,18.0,0.31190464,0.6880954,0.0,1.0,0.5760365,0.42396352,-5.732
250000.0,88000.0,2500.0,880.0,0.8463264107704163,0.15367360413074493,80.0,250000.0,88000.0,2500.0,880.0,0.6489847898483276,0.35101523995399475,249.0,250000.0,88000.0,2500.0,880.0,0.4242916703224182,0.5757083296775818,9.0,0.8463264,0.1536736,0.6489848,0.35101524,0.42429167,0.5757083,-5.676
147000.0,165000.0,1470.0,1650.0,0.3546188175678253,0.6453811526298523,63.0,147000.0,165000.0,1470.0,1650.0,0.5095977187156677,0.4904022812843323,249.0,147000.0,165000.0,1470.0,1650.0,0.18232402205467224,0.8176760077476501,0.0,0.35461882,0.64538115,0.5095977,0.49040228,0.18232402,0.817676,-5.6240000000000006
60000.0,236000.0,600.0,2360.0,0.2099343240261078,0.7900656461715698,50.0,60000.0,236000.0,600.0,2360.0,0.27199146151542664,0.7280085682868958,246.0,60000.0,236000.0,600.0,2360.0,0.4934733808040619,0.5065265893936157,0.0,0.20993432,0.79006565,0.27199146,0.72800857,0.49347338,0.5065266,-5.5920000000000005
95000.0,187000.0,950.0,1870.0,0.7387723326683044,0.26122769713401794,42.0,95000.0,187000.0,950.0,1870.0,0.3029967248439789,0.6970032453536987,240.0,95000.0,187000.0,950.0,1870.0,0.08864131569862366,0.911358654499054,0.0,0.73877233,0.2612277,0.30299672,0.69700325,0.088641316,0.91135865,-5.564
52000.0,219000.0,520.0,2190.0,0.0,1.0,40.0,52000.0,219000.0,520.0,2190.0,0.2785488963127136,0.7214510440826416,231.0,52000.0,219000.0,520.0,2190.0,0.45986175537109375,0.540138304233551,0.0,0.0,1.0,0.2785489,0.72145104,0.45986176,0.5401383,-5.542
44000.0,218000.0,440.0,2180.0,0.26248666644096375,0.7375133037567139,42.0,44000.0,218000.0,440.0,2180.0,0.22617490589618683,0.7738250494003296,220.0,44000.0,218000.0,440.0,2180.0,0.6767146587371826,0.32328537106513977,0.0,0.26248667,0.7375133,0.2261749,0.77382505,0.67671466,0.32328537,-5.524
118000.0,137000.0,1180.0,1370.0,0.6210906505584717,0.3789093494415283,49.0,118000.0,137000.0,1180.0,1370.0,0.4349602162837982,0.5650397539138794,206.0,118000.0,137000.0,1180.0,1370.0,0.38770416378974915,0.6122958064079285,0.0,0.62109065,0.37890935,0.43496022,0.56503975,0.38770416,0.6122958,-5.51
140000.0,111000.0,1400.0,1110.0,0.5239920616149902,0.4760079085826874,61.0,140000.0,111000.0,1400.0,1110.0,0.5544600486755371,0.4455399513244629,190.0,140000.0,111000.0,1400.0,1110.0,0.500747561454773,0.49925243854522705,0.0,0.52399206,0.4760079,0.55446005,0.44553995,0.50074756,0.49925244,-5.502000000000001
0.0,250000.0,0.0,2500.0,0.0,1.0,77.0,0.0,250000.0,0.0,2500.0,0.0,1.0,173.0,0.0,250000.0,0.0,2500.0,0.5661917924880981,0.43380823731422424,0.0,0.0,1.0,0.0,1.0,0.5661918,0.43380824,-3.5
183000.0,70000.0,1830.0,700.0,0.7401862144470215,0.2598137855529785,98.0,183000.0,70000.0,1830.0,700.0,0.6424567699432373,0.3575432598590851,155.0,183000.0,70000.0,1830.0,700.0,0.6319241523742676,0.3680758774280548,0.0,0.7401862,0.2598138,0.64245677,0.35754326,0.63192415,0.36807588,-5.506
153000.0,105000.0,1530.0,1050.0,0.7134800553321838,0.28651994466781616,122.0,153000.0,105000.0,1530.0,1050.0,0.4494026005268097,0.5505974292755127,136.0,153000.0,105000.0,1530.0,1050.0,0.3140209913253784,0.6859789490699768,0.0,0.71348006,0.28651994,0.4494026,0.5505974,0.314021,0.68597895,-5.516
86000.0,180000.0,860.0,1800.0,0.560552179813385,0.4394477605819702,149.0,86000.0,180000.0,860.0,1800.0,0.0,1.0,117.0,86000.0,180000.0,860.0,1800.0,0.20818157494068146,0.791818380355835,0.0,0.5605522,0.43944776,0.0,1.0,0.20818157,0.7918184,-5.532
111000.0,165000.0,1110.0,1650.0,0.39358270168304443,0.6064172387123108,178.0,111000.0,165000.0,1110.0,1650.0,0.4784901738166809,0.5215098261833191,98.0,111000.0,165000.0,1110.0,1650.0,0.3387261629104614,0.6612738370895386,0.0,0.3935827,0.60641724,0.47849017,0.5215098,0.33872616,0.66127384,-5.552
125000.0,164000.0,1250.0,1640.0,0.44334253668785095,0.5566574931144714,209.0,125000.0,164000.0,1250.0,1640.0,0.4516677260398865,0.5483322739601135,80.0,125000.0,164000.0,1250.0,1640.0,0.39375972747802734,0.6062402129173279,0.0,0.44334254,0.5566575,0.45166773,0.5483323,0.39375973,0.6062402,-5.577999999999999
30000.0,275000.0,300.0,2750.0,0.0,1.0,241.0,30000.0,275000.0,300.0,2750.0,0.4742678105831146,0.5257322192192078,64.0,30000.0,275000.0,300.0,2750.0,0.3739517331123352,0.6260482668876648,0.0,0.0,1.0,0.4742678,0.5257322,0.37395173,0.62604827,-5.609999999999999
306000.0,21000.0,3060.0,210.0,1.0,0.0,273.0,306000.0,21000.0,3060.0,210.0,0.5611463785171509,0.43885359168052673,48.0,306000.0,21000.0,3060.0,210.0,0.7190490961074829,0.2809509038925171,6.0,1.0,0.0,0.5611464,0.4388536,0.7190491,0.2809509,-5.654
32000.0,321000.0,320.0,3210.0,0.0,1.0,303.0,32000.0,321000.0,320.0,3210.0,0.6702421307563782,0.3297578692436218,35.0,32000.0,321000.0,320.0,3210.0,0.4478211998939514,0.5521788001060486,15.0,0.0,1.0,0.67024213,0.32975787,0.4478212,0.5521788,-5.706
298000.0,85000.0,2980.0,850.0,0.779232382774353,0.22076760232448578,333.0,298000.0,85000.0,2980.0,850.0,0.15925395488739014,0.8407460451126099,25.0,298000.0,85000.0,2980.0,850.0,0.5158155560493469,0.4841844141483307,25.0,0.7792324,0.2207676,0.15925395,0.84074605,0.51581556,0.4841844,-5.766
161000.0,249000.0,1610.0,2490.0,0.42357441782951355,0.5764255523681641,359.0,161000.0,249000.0,1610.0,2490.0,0.21020150184631348,0.7897984981536865,17.0,161000.0,249000.0,1610.0,2490.0,0.43997907638549805,0.560020923614502,34.0,0.42357442,0.57642555,0.2102015,0.7897985,0.43997908,0.5600209,-5.82
319000.0,120000.0,3190.0,1200.0,0.6729698777198792,0.32703015208244324,383.0,319000.0,120000.0,3190.0,1200.0,1.0,0.0,12.0,319000.0,120000.0,3190.0,1200.0,0.6924434900283813,0.30755650997161865,44.0,0.6729699,0.32703015,1.0,0.0,0.6924435,0.3075565,-5.878
269000.0,198000.0,2690.0,1980.0,0.5543879866600037,0.44561198353767395,404.0,269000.0,198000.0,2690.0,1980.0,0.31255775690078735,0.6874422430992126,10.0,269000.0,198000.0,2690.0,1980.0,0.6607048511505127,0.3392951190471649,53.0,0.554388,0.44561198,0.31255776,0.68744224,0.66070485,0.33929512,-5.934
398000.0,93000.0,3980.0,930.0,0.7889148592948914,0.21108518540859222,420.0,398000.0,93000.0,3980.0,930.0,0.0,1.0,10.0,398000.0,93000.0,3980.0,930.0,0.5687127709388733,0.43128716945648193,61.0,0.78891486,0.21108519,0.0,1.0,0.5687128,0.43128717,-5.982
246000.0,268000.0,2460.0,2680.0,0.4084737002849579,0.5915263295173645,431.0,246000.0,268000.0,2460.0,2680.0,0.7008561491966248,0.29914388060569763,14.0,246000.0,268000.0,2460.0,2680.0,1.0,0.0,69.0,0.4084737,0.5915263,0.70085615,0.29914388,1.0,0.0,-6.0280000000000005
174000.0,360000.0,1740.0,3600.0,0.4176565110683441,0.582343578338623,438.0,174000.0,360000.0,1740.0,3600.0,0.07847917824983597,0.9215208888053894,21.0,174000.0,360000.0,1740.0,3600.0,0.0,1.0,75.0,0.4176565,0.5823436,0.07847918,0.9215209,0.0,1.0,-6.068
55000.0,496000.0,550.0,4960.0,0.0,1.0,439.0,55000.0,496000.0,550.0,4960.0,0.4353259801864624,0.5646740198135376,31.0,55000.0,496000.0,550.0,4960.0,0.5181034207344055,0.4818965792655945,81.0,0.0,1.0,0.43532598,0.564674,0.5181034,0.48189658,-6.102
70000.0,494000.0,700.0,4940.0,0.004337597172707319,0.9956623911857605,436.0,70000.0,494000.0,700.0,4940.0,0.34676510095596313,0.6532349586486816,43.0,70000.0,494000.0,700.0,4940.0,0.6383113861083984,0.36168864369392395,85.0,0.004337597,0.9956624,0.3467651,0.65323496,0.6383114,0.36168864,-6.128
401000.0,172000.0,4010.0,1720.0,0.6696176528930664,0.330382376909256,428.0,401000.0,172000.0,4010.0,1720.0,0.6024605631828308,0.3975394368171692,57.0,401000.0,172000.0,4010.0,1720.0,0.6419249176979065,0.3580750524997711,88.0,0.66961765,0.33038238,0.60246056,0.39753944,0.6419249,0.35807505,-6.146
166000.0,411000.0,1660.0,4110.0,0.4207960367202759,0.5792039036750793,415.0,166000.0,411000.0,1660.0,4110.0,0.0,1.0,73.0,166000.0,411000.0,1660.0,4110.0,0.0,1.0,89.0,0.42079604,0.5792039,0.0,1.0,0.0,1.0,-6.154
369000.0,207000.0,3690.0,2070.0,0.7403455376625061,0.2596544623374939,397.0,369000.0,207000.0,3690.0,2070.0,0.4950660169124603,0.5049340128898621,90.0,369000.0,207000.0,3690.0,2070.0,0.1588471233844757,0.8411529064178467,89.0,0.74034554,0.25965446,0.49506602,0.504934,0.15884712,0.8411529,-6.152
234000.0,338000.0,2340.0,3380.0,0.4641214609146118,0.5358785390853882,375.0,234000.0,338000.0,2340.0,3380.0,0.4340164065361023,0.5659835934638977,109.0,234000.0,338000.0,2340.0,3380.0,0.256782203912735,0.7432178258895874,88.0,0.46412146,0.53587854,0.4340164,0.5659836,0.2567822,0.7432178,-6.144
249000.0,313000.0,2490.0,3130.0,0.43538641929626465,0.5646136403083801,350.0,249000.0,313000.0,2490.0,3130.0,0.7306731939315796,0.2693268656730652,128.0,249000.0,313000.0,2490.0,3130.0,0.1134747564792633,0.8865252137184143,84.0,0.43538642,0.56461364,0.7306732,0.26932687,0.11347476,0.8865252,-6.1240000000000006
393000.0,157000.0,3930.0,1570.0,0.6455020308494568,0.35449787974357605,323.0,393000.0,157000.0,3930.0,1570.0,1.0,0.0,147.0,393000.0,157000.0,3930.0,1570.0,0.36006593704223633,0.6399340629577637,80.0,0.64550203,0.35449788,1.0,0.0,0.36006594,0.63993406,-6.1
241000.0,292000.0,2410.0,2920.0,0.5664901733398438,0.43350982666015625,293.0,241000.0,292000.0,2410.0,2920.0,0.30561721324920654,0.6943827867507935,166.0,241000.0,292000.0,2410.0,2920.0,0.3869123160839081,0.6130876541137695,74.0,0.5664902,0.43350983,0.3056172,0.6943828,0.38691232,0.61308765,-6.066000000000001
74000.0,438000.0,740.0,4380.0,0.1838269829750061,0.8161730170249939,262.0,74000.0,438000.0,740.0,4380.0,0.24105054140090942,0.7589494585990906,183.0,74000.0,438000.0,740.0,4380.0,0.28097403049468994,0.7190259099006653,67.0,0.18382698,0.816173,0.24105054,0.75894946,0.28097403,0.7190259,-6.024000000000001
256000.0,233000.0,2560.0,2330.0,0.35773414373397827,0.6422659158706665,230.0,256000.0,233000.0,2560.0,2330.0,0.6394360661506653,0.3605639636516571,200.0,256000.0,233000.0,2560.0,2330.0,0.7362878918647766,0.2637120485305786,59.0,0.35773414,0.6422659,0.63943607,0.36056396,0.7362879,0.26371205,-5.978
75000.0,388000.0,750.0,3880.0,0.0955890491604805,0.9044109582901001,198.0,75000.0,388000.0,750.0,3880.0,0.2699526846408844,0.7300472855567932,214.0,75000.0,388000.0,750.0,3880.0,0.5779179334640503,0.4220820665359497,51.0,0.09558905,0.90441096,0.26995268,0.7300473,0.57791793,0.42208207,-5.926
258000.0,178000.0,2580.0,1780.0,1.0,0.0,168.0,258000.0,178000.0,2580.0,1780.0,0.3867690861225128,0.6132308840751648,227.0,258000.0,178000.0,2580.0,1780.0,0.27964577078819275,0.7203541994094849,41.0,1.0,0.0,0.3867691,0.6132309,0.27964577,0.7203542,-5.872
239000.0,169000.0,2390.0,1690.0,0.49057433009147644,0.5094256401062012,139.0,239000.0,169000.0,2390.0,1690.0,0.579739511013031,0.420260488986969,237.0,239000.0,169000.0,2390.0,1690.0,0.8372373580932617,0.1627626270055771,32.0,0.49057433,0.50942564,0.5797395,0.4202605,0.83723736,0.16276263,-5.816000000000001
305000.0,74000.0,3050.0,740.0,0.512561559677124,0.487438440322876,113.0,305000.0,74000.0,3050.0,740.0,1.0,0.0,244.0,305000.0,74000.0,3050.0,740.0,0.2183166742324829,0.7816833257675171,22.0,0.51256156,0.48743844,1.0,0.0,0.21831667,0.7816833,-5.758
232000.0,119000.0,2320.0,1190.0,0.2944573760032654,0.7055426239967346,90.0,232000.0,119000.0,2320.0,1190.0,0.7650378942489624,0.2349621206521988,248.0,232000.0,119000.0,2320.0,1190.0,0.32291433215141296,0.6770856976509094,13.0,0.29445738,0.7055426,0.7650379,0.23496212,0.32291433,0.6770857,-5.702
212000.0,112000.0,2120.0,1120.0,0.5854118466377258,0.41458818316459656,71.0,212000.0,112000.0,2120.0,1120.0,0.6309946179389954,0.36900535225868225,249.0,212000.0,112000.0,2120.0,1120.0,0.9037026762962341,0.09629727900028229,4.0,0.58541185,0.41458818,0.6309946,0.36900535,0.9037027,0.09629728,-5.648
121000.0,183000.0,1210.0,1830.0,0.4436781406402588,0.5563218593597412,56.0,121000.0,183000.0,1210.0,1830.0,0.41425007581710815,0.5857498645782471,248.0,121000.0,183000.0,1210.0,1830.0,0.3807211220264435,0.6192789077758789,0.0,0.44367814,0.55632186,0.41425008,0.58574986,0.38072112,0.6192789,-5.6080000000000005
100000.0,189000.0,1000.0,1890.0,0.8040733933448792,0.19592660665512085,46.0,100000.0,189000.0,1000.0,1890.0,0.29842016100883484,0.7015798091888428,243.0,100000.0,189000.0,1000.0,1890.0,0.6506600975990295,0.34933987259864807,0.0,0.8040734,0.1959266,0.29842016,0.7015798,0.6506601,0.34933987,-5.578
114000.0,162000.0,1140.0,1620.0,0.47395026683807373,0.5260497331619263,40.0,114000.0,162000.0,1140.0,1620.0,0.42151349782943726,0.5784865021705627,236.0,114000.0,162000.0,1140.0,1620.0,0.3291189670562744,0.6708810329437256,0.0,0.47395027,0.52604973,0.4215135,0.5784865,0.32911897,0.67088103,-5.552
194000.0,71000.0,1940.0,710.0,0.5496762990951538,0.45032376050949097,40.0,194000.0,71000.0,1940.0,710.0,0.7101727724075317,0.28982725739479065,225.0,194000.0,71000.0,1940.0,710.0,0.0,1.0,0.0,0.5496763,0.45032376,0.7101728,0.28982726,0.0,1.0,-5.529999999999999
178000.0,80000.0,1780.0,800.0,1.0,0.0,45.0,178000.0,80000.0,1780.0,800.0,0.6000176668167114,0.3999822735786438,213.0,178000.0,80000.0,1780.0,800.0,0.5396632552146912,0.4603368043899536,0.0,1.0,0.0,0.60001767,0.39998227,0.53966326,0.4603368,-5.516
135000.0,117000.0,1350.0,1170.0,0.0,1.0,54.0,135000.0,117000.0,1350.0,1170.0,0.645995020866394,0.3540050685405731,198.0,135000.0,117000.0,1350.0,1170.0,0.65363609790802,0.34636393189430237,0.0,0.0,1.0,0.645995,0.35400507,0.6536361,0.34636393,-5.504
65000.0,186000.0,650.0,1860.0,0.6138027906417847,0.38619720935821533,69.0,65000.0,186000.0,650.0,1860.0,0.19390583038330078,0.8060941100120544,182.0,65000.0,186000.0,650.0,1860.0,1.0,0.0,0.0,0.6138028,0.3861972,0.19390583,0.8060941,1.0,0.0,-5.502
54000.0,197000.0,540.0,1970.0,0.19972236454486847,0.8002776503562927,87.0,54000.0,197000.0,540.0,1970.0,0.31110867857933044,0.6888912320137024,164.0,54000.0,197000.0,540.0,1970.0,0.49310916662216187,0.5068907737731934,0.0,0.19972236,0.80027765,0.31110868,0.68889123,0.49310917,0.5068908,-5.502000000000001
152000.0,103000.0,1520.0,1030.0,0.6116896271705627,0.38831034302711487,110.0,152000.0,103000.0,1520.0,1030.0,0.5533211827278137,0.4466788172721863,145.0,152000.0,103000.0,1520.0,1030.0,0.5625408291816711,0.43745914101600647,0.0,0.6116896,0.38831034,0.5533212,0.44667882,0.5625408,0.43745914,-5.51
127000.0,135000.0,1270.0,1350.0,0.5183650851249695,0.4816349744796753,136.0,127000.0,135000.0,1270.0,1350.0,0.45567992329597473,0.5443201065063477,126.0,127000.0,135000.0,1270.0,1350.0,0.38410335779190063,0.6158965826034546,0.0,0.5183651,0.48163497,0.45567992,0.5443201,0.38410336,0.6158966,-5.524
100000.0,171000.0,1000.0,1710.0,0.4563988447189331,0.5436011552810669,164.0,100000.0,171000.0,1000.0,1710.0,0.3053154945373535,0.6946844458580017,107.0,100000.0,171000.0,1000.0,1710.0,0.648556649684906,0.351443350315094,0.0,0.45639884,0.54360116,0.3053155,0.69468445,0.64855665,0.35144335,-5.542
114000.0,169000.0,1140.0,1690.0,0.285099595785141,0.7149003744125366,194.0,114000.0,169000.0,1140.0,1690.0,0.7201846241950989,0.2798154354095459,89.0,114000.0,169000.0,1140.0,1690.0,0.5900954008102417,0.4099046289920807,0.0,0.2850996,0.7149004,0.7201846,0.27981544,0.5900954,0.40990463,-5.566000000000001
22000.0,275000.0,220.0,2750.0,0.0,1.0,226.0,22000.0,275000.0,220.0,2750.0,0.3498362898826599,0.6501637101173401,71.0,22000.0,275000.0,220.0,2750.0,0.4223872423171997,0.5776128172874451,0.0,0.0,1.0,0.3498363,0.6501637,0.42238724,0.5776128,-5.593999999999999
148000.0,166000.0,1480.0,1660.0,0.38286516070365906,0.6171348094940186,257.0,148000.0,166000.0,1480.0,1660.0,1.0,0.0,55.0,148000.0,166000.0,1480.0,1660.0,1.0,0.0,2.0,0.38286516,0.6171348,1.0,0.0,1.0,0.0,-5.628
124000.0,217000.0,1240.0,2170.0,0.37838637828826904,0.621613621711731,289.0,124000.0,217000.0,1240.0,2170.0,0.4413396418094635,0.5586603879928589,41.0,124000.0,217000.0,1240.0,2170.0,0.522629976272583,0.4773699641227722,11.0,0.37838638,0.6216136,0.44133964,0.5586604,0.52263,0.47736996,-5.682
244000.0,125000.0,2440.0,1250.0,0.633270800113678,0.3667292296886444,319.0,244000.0,125000.0,2440.0,1250.0,0.6749356985092163,0.3250642716884613,30.0,244000.0,125000.0,2440.0,1250.0,0.4513494074344635,0.5486505627632141,20.0,0.6332708,0.36672923,0.6749357,0.32506427,0.4513494,0.54865056,-5.7379999999999995
126000.0,271000.0,1260.0,2710.0,0.30838996171951294,0.6916100382804871,347.0,126000.0,271000.0,1260.0,2710.0,0.7666234374046326,0.23337654769420624,20.0,126000.0,271000.0,1260.0,2710.0,0.6054534316062927,0.39454662799835205,30.0,0.30838996,0.69161004,0.76662344,0.23337655,0.60545343,0.39454663,-5.794
259000.0,166000.0,2590.0,1660.0,0.5616474151611328,0.4383525848388672,372.0,259000.0,166000.0,2590.0,1660.0,0.3977314233779907,0.6022685766220093,14.0,259000.0,166000.0,2590.0,1660.0,1.0,0.0,39.0,0.5616474,0.43835258,0.39773142,0.6022686,1.0,0.0,-5.85
337000.0,115000.0,3370.0,1150.0,0.7026048898696899,0.29739508032798767,394.0,337000.0,115000.0,3370.0,1150.0,0.7515038847923279,0.24849610030651093,10.0,337000.0,115000.0,3370.0,1150.0,0.6378870606422424,0.36211293935775757,48.0,0.7026049,0.29739508,0.7515039,0.2484961,0.63788706,0.36211294,-5.904
412000.0,67000.0,4120.0,670.0,0.8639097809791565,0.1360902339220047,412.0,412000.0,67000.0,4120.0,670.0,0.5245733261108398,0.47542670369148254,10.0,412000.0,67000.0,4120.0,670.0,0.29326826333999634,0.7067317962646484,57.0,0.8639098,0.13609023,0.5245733,0.4754267,0.29326826,0.7067318,-5.958
224000.0,279000.0,2240.0,2790.0,0.4499993324279785,0.5500006675720215,426.0,224000.0,279000.0,2240.0,2790.0,0.6397954225540161,0.3602046072483063,12.0,224000.0,279000.0,2240.0,2790.0,0.46796131134033203,0.532038688659668,65.0,0.44999933,0.55000067,0.6397954,0.3602046,0.4679613,0.5320387,-6.006
44000.0,481000.0,440.0,4810.0,0.039025112986564636,0.9609748721122742,435.0,44000.0,481000.0,440.0,4810.0,0.5022771954536438,0.4977228343486786,18.0,44000.0,481000.0,440.0,4810.0,0.4896692931652069,0.5103306770324707,72.0,0.039025113,0.9609749,0.5022772,0.49772283,0.4896693,0.5103307,-6.050000000000001
51000.0,493000.0,510.0,4930.0,0.0,1.0,439.0,51000.0,493000.0,510.0,4930.0,0.6591274738311768,0.34087246656417847,26.0,51000.0,493000.0,510.0,4930.0,0.4362056255340576,0.5637943744659424,79.0,0.0,1.0,0.6591275,0.34087247,0.43620563,0.5637944,-6.088
323000.0,235000.0,3230.0,2350.0,0.499897301197052,0.5001027584075928,438.0,323000.0,235000.0,3230.0,2350.0,0.5636061429977417,0.4363938570022583,37.0,323000.0,235000.0,3230.0,2350.0,1.0,0.0,83.0,0.4998973,0.50010276,0.56360614,0.43639386,1.0,0.0,-6.116
193000.0,376000.0,1930.0,3760.0,0.400812029838562,0.5991880297660828,432.0,193000.0,376000.0,1930.0,3760.0,0.5992470383644104,0.400752991437912,50.0,193000.0,376000.0,1930.0,3760.0,0.006293957587331533,0.9937059879302979,87.0,0.40081203,0.599188,0.59924704,0.400753,0.0062939576,0.993706,-6.138
502000.0,73000.0,5020.0,730.0,0.9573604464530945,0.042639538645744324,421.0,502000.0,73000.0,5020.0,730.0,0.5811353325843811,0.4188646078109741,65.0,502000.0,73000.0,5020.0,730.0,0.47398877143859863,0.5260112285614014,89.0,0.95736045,0.04263954,0.58113533,0.4188646,0.47398877,0.5260112,-6.15
310000.0,267000.0,3100.0,2670.0,0.4670487642288208,0.532951295375824,406.0,310000.0,267000.0,3100.0,2670.0,0.6310855746269226,0.368914395570755,82.0,310000.0,267000.0,3100.0,2670.0,0.7273761034011841,0.2726239562034607,89.0,0.46704876,0.5329513,0.6310856,0.3689144,0.7273761,0.27262396,-6.154
102000.0,473000.0,1020.0,4730.0,0.22721317410469055,0.7727868556976318,386.0,102000.0,473000.0,1020.0,4730.0,0.33398038148880005,0.6660196185112,100.0,102000.0,473000.0,1020.0,4730.0,0.20430660247802734,0.7956933975219727,89.0,0.22721317,0.77278686,0.33398038,0.6660196,0.2043066,0.7956934,-6.15
334000.0,234000.0,3340.0,2340.0,0.5782094597816467,0.42179057002067566,363.0,334000.0,234000.0,3340.0,2340.0,0.3078782856464386,0.692121684551239,119.0,334000.0,234000.0,3340.0,2340.0,1.0,0.0,86.0,0.57820946,0.42179057,0.3078783,0.6921217,1.0,0.0,-6.136
132000.0,424000.0,1320.0,4240.0,0.29795873165130615,0.7020413279533386,336.0,132000.0,424000.0,1320.0,4240.0,0.38146981596946716,0.6185302138328552,138.0,132000.0,424000.0,1320.0,4240.0,0.0,1.0,82.0,0.29795873,0.7020413,0.38146982,0.6185302,0.0,1.0,-6.112
231000.0,310000.0,2310.0,3100.0,0.4749208390712738,0.5250791311264038,307.0,231000.0,310000.0,2310.0,3100.0,0.4353324770927429,0.5646675229072571,157.0,231000.0,310000.0,2310.0,3100.0,0.31395331025123596,0.6860466599464417,77.0,0.47492084,0.52507913,0.43533248,0.5646675,0.3139533,0.68604666,-6.082000000000001
170000.0,353000.0,1700.0,3530.0,0.23056450486183167,0.7694355249404907,277.0,170000.0,353000.0,1700.0,3530.0,0.5505527853965759,0.4494471848011017,175.0,170000.0,353000.0,1700.0,3530.0,0.3928983807563782,0.6071016192436218,71.0,0.2305645,0.7694355,0.5505528,0.44944718,0.39289838,0.6071016,-6.045999999999999
175000.0,325000.0,1750.0,3250.0,0.0,1.0,245.0,175000.0,325000.0,1750.0,3250.0,0.8287069201469421,0.17129310965538025,192.0,175000.0,325000.0,1750.0,3250.0,0.014836342073976994,0.985163688659668,63.0,0.0,1.0,0.8287069,0.17129311,0.014836342,0.9851637,-6.0
277000.0,198000.0,2770.0,1980.0,0.5583956241607666,0.4416044056415558,213.0,277000.0,198000.0,2770.0,1980.0,0.5038516521453857,0.49614834785461426,207.0,277000.0,198000.0,2770.0,1980.0,0.8475649356842041,0.1524350643157959,55.0,0.5583956,0.4416044,0.50385165,0.49614835,0.84756494,0.15243506,-5.95
259000.0,190000.0,2590.0,1900.0,0.3941395878791809,0.6058604121208191,182.0,259000.0,190000.0,2590.0,1900.0,0.7311347126960754,0.26886528730392456,221.0,259000.0,190000.0,2590.0,1900.0,0.41717293858528137,0.582827091217041,46.0,0.3941396,0.6058604,0.7311347,0.2688653,0.41717294,0.5828271,-5.898
174000.0,247000.0,1740.0,2470.0,0.46229520440101624,0.5377047657966614,153.0,174000.0,247000.0,1740.0,2470.0,0.43502241373062134,0.5649775862693787,232.0,174000.0,247000.0,1740.0,2470.0,0.2835567891597748,0.7164432406425476,36.0,0.4622952,0.53770477,0.4350224,0.5649776,0.2835568,0.71644324,-5.842
128000.0,265000.0,1280.0,2650.0,0.3946326673030853,0.6053673028945923,125.0,128000.0,265000.0,1280.0,2650.0,0.30913785099983215,0.6908621788024902,241.0,128000.0,265000.0,1280.0,2650.0,0.6608589291572571,0.3391410708427429,27.0,0.39463267,0.6053673,0.30913785,0.6908622,0.6608589,0.33914107,-5.7860000000000005
128000.0,236000.0,1280.0,2360.0,0.5876227021217346,0.4123772978782654,101.0,128000.0,236000.0,1280.0,2360.0,0.31599220633506775,0.6840078234672546,246.0,128000.0,236000.0,1280.0,2360.0,0.10018828511238098,0.8998117446899414,17.0,0.5876227,0.4123773,0.3159922,0.6840078,0.100188285,0.89981174,-5.728
35000.0,302000.0,350.0,3020.0,0.420942485332489,0.579057514667511,80.0,35000.0,302000.0,350.0,3020.0,0.0,1.0,249.0,35000.0,302000.0,350.0,3020.0,0.4312001168727875,0.5687999129295349,8.0,0.4209425,0.5790575,0.0,1.0,0.43120012,0.5687999,-5.6739999999999995
211000.0,101000.0,2110.0,1010.0,0.3820652663707733,0.6179347634315491,63.0,211000.0,101000.0,2110.0,1010.0,0.7063052654266357,0.2936946749687195,249.0,211000.0,101000.0,2110.0,1010.0,0.33311355113983154,0.6668865084648132,0.0,0.38206527,0.61793476,0.70630527,0.29369467,0.33311355,0.6668865,-5.6240000000000006
38000.0,258000.0,380.0,2580.0,0.577752947807312,0.4222470223903656,50.0,38000.0,258000.0,380.0,2580.0,0.1262391060590744,0.8737608790397644,246.0,38000.0,258000.0,380.0,2580.0,0.3960474133491516,0.6039525866508484,0.0,0.57775295,0.42224702,0.1262391,0.8737609,0.3960474,0.6039526,-5.5920000000000005
188000.0,94000.0,1880.0,940.0,0.3695041835308075,0.6304958462715149,42.0,188000.0,94000.0,1880.0,940.0,0.6813069581985474,0.31869304180145264,240.0,188000.0,94000.0,1880.0,940.0,0.3392130434513092,0.6607869267463684,0.0,0.36950418,0.63049585,0.68130696,0.31869304,0.33921304,0.6607869,-5.564
93000.0,178000.0,930.0,1780.0,0.5348345637321472,0.46516546607017517,40.0,93000.0,178000.0,930.0,1780.0,0.34742605686187744,0.6525740027427673,231.0,93000.0,178000.0,930.0,1780.0,0.38779667019844055,0.6122033596038818,0.0,0.53483456,0.46516547,0.34742606,0.652574,0.38779667,0.61220336,-5.542
108000.0,153000.0,1080.0,1530.0,0.5310221910476685,0.46897777915000916,42.0,108000.0,153000.0,1080.0,1530.0,0.4118538200855255,0.5881462097167969,219.0,108000.0,153000.0,1080.0,1530.0,0.5207838416099548,0.47921618819236755,0.0,0.5310222,0.46897778,0.41185382,0.5881462,0.52078384,0.4792162,-5.522
254000.0,0.0,2540.0,0.0,1.0,0.0,49.0,254000.0,0.0,2540.0,0.0,1.0,0.0,205.0,254000.0,0.0,2540.0,0.0,0.6971873044967651,0.30281269550323486,0.0,1.0,0.0,1.0,0.0,0.6971873,0.3028127,-3.508
194000.0,57000.0,1940.0,570.0,0.6062387228012085,0.3937613070011139,61.0,194000.0,57000.0,1940.0,570.0,0.752151370048523,0.24784868955612183,190.0,194000.0,57000.0,1940.0,570.0,0.6645276546478271,0.33547231554985046,0.0,0.6062387,0.3937613,0.75215137,0.24784869,0.66452765,0.33547232,-5.502
32000.0,218000.0,320.0,2180.0,0.42527005076408386,0.5747299790382385,78.0,32000.0,218000.0,320.0,2180.0,0.0,1.0,172.0,32000.0,218000.0,320.0,2180.0,0.9708843231201172,0.029115667566657066,0.0,0.42527005,0.57473,0.0,1.0,0.9708843,0.029115668,-5.5
109000.0,144000.0,1090.0,1440.0,0.5405754446983337,0.45942452549934387,99.0,109000.0,144000.0,1090.0,1440.0,0.3783934414386749,0.6216065883636475,154.0,109000.0,144000.0,1090.0,1440.0,0.14613395929336548,0.8538660407066345,0.0,0.54057544,0.45942453,0.37839344,0.6216066,0.14613396,0.85386604,-5.506
70000.0,188000.0,700.0,1880.0,0.0,1.0,123.0,70000.0,188000.0,700.0,1880.0,0.5134674906730652,0.4865324795246124,135.0,70000.0,188000.0,700.0,1880.0,0.09065242856740952,0.9093475937843323,0.0,0.0,1.0,0.5134675,0.48653248,0.09065243,0.9093476,-5.516
63000.0,203000.0,630.0,2030.0,0.34686532616615295,0.6531346440315247,150.0,63000.0,203000.0,630.0,2030.0,0.21981212496757507,0.7801879048347473,116.0,63000.0,203000.0,630.0,2030.0,0.21204091608524323,0.7879590392112732,0.0,0.34686533,0.65313464,0.21981212,0.7801879,0.21204092,0.78795904,-5.532
134000.0,143000.0,1340.0,1430.0,0.4524533152580261,0.5475466847419739,180.0,134000.0,143000.0,1340.0,1430.0,0.5504088997840881,0.44959110021591187,97.0,134000.0,143000.0,1340.0,1430.0,1.0,0.0,0.0,0.45245332,0.5475467,0.5504089,0.4495911,1.0,0.0,-5.554
178000.0,112000.0,1780.0,1120.0,0.7468970417976379,0.25310298800468445,211.0,178000.0,112000.0,1780.0,1120.0,0.17020539939403534,0.8297946453094482,79.0,178000.0,112000.0,1780.0,1120.0,0.5615940690040588,0.43840596079826355,0.0,0.74689704,0.253103,0.1702054,0.82979465,0.56159407,0.43840596,-5.58
156000.0,149000.0,1560.0,1490.0,0.6035769581794739,0.3964230418205261,242.0,156000.0,149000.0,1560.0,1490.0,0.14915134012699127,0.8508486151695251,63.0,156000.0,149000.0,1560.0,1490.0,0.5716502070426941,0.4283497631549835,0.0,0.60357696,0.39642304,0.14915134,0.8508486,0.5716502,0.42834976,-5.609999999999999
75000.0,253000.0,750.0,2530.0,0.2049996256828308,0.7950003743171692,274.0,75000.0,253000.0,750.0,2530.0,0.7099136114120483,0.29008638858795166,48.0,75000.0,253000.0,750.0,2530.0,0.3456590473651886,0.654340922832489,6.0,0.20499963,0.7950004,0.7099136,0.2900864,0.34565905,0.6543409,-5.656000000000001
345000.0,11000.0,3450.0,110.0,1.0,0.0,305.0,345000.0,11000.0,3450.0,110.0,0.7353755235671997,0.2646244168281555,35.0,345000.0,11000.0,3450.0,110.0,0.7155795693397522,0.2844204902648926,16.0,1.0,0.0,0.7353755,0.26462442,0.71557957,0.2844205,-5.712
115000.0,268000.0,1150.0,2680.0,0.3288125693798065,0.6711874008178711,334.0,115000.0,268000.0,1150.0,2680.0,0.4769953489303589,0.5230045914649963,24.0,115000.0,268000.0,1150.0,2680.0,0.3538248538970947,0.64617520570755,25.0,0.32881257,0.6711874,0.47699535,0.5230046,0.35382485,0.6461752,-5.766
249000.0,164000.0,2490.0,1640.0,0.5727104544639587,0.42728954553604126,361.0,249000.0,164000.0,2490.0,1640.0,0.7779678702354431,0.22203217446804047,17.0,249000.0,164000.0,2490.0,1640.0,0.6031054854393005,0.39689451456069946,35.0,0.57271045,0.42728955,0.7779679,0.22203217,0.6031055,0.3968945,-5.8260000000000005
70000.0,370000.0,700.0,3700.0,0.22142568230628967,0.7785743474960327,384.0,70000.0,370000.0,700.0,3700.0,0.37586238980293274,0.6241376399993896,12.0,70000.0,370000.0,700.0,3700.0,0.23745903372764587,0.7625409364700317,44.0,0.22142568,0.77857435,0.3758624,0.62413764,0.23745903,0.76254094,-5.880000000000001
341000.0,126000.0,3410.0,1260.0,0.6856400370597839,0.31435996294021606,404.0,341000.0,126000.0,3410.0,1260.0,0.7148955464363098,0.28510451316833496,10.0,341000.0,126000.0,3410.0,1260.0,0.6614688634872437,0.33853116631507874,53.0,0.68564004,0.31435996,0.71489555,0.2851045,0.66146886,0.33853117,-5.934
380000.0,112000.0,3800.0,1120.0,0.7320066094398499,0.26799336075782776,420.0,380000.0,112000.0,3800.0,1120.0,0.40742480754852295,0.5925751328468323,11.0,380000.0,112000.0,3800.0,1120.0,0.6731217503547668,0.3268781900405884,61.0,0.7320066,0.26799336,0.4074248,0.59257513,0.67312175,0.3268782,-5.984
76000.0,439000.0,760.0,4390.0,0.0,1.0,431.0,76000.0,439000.0,760.0,4390.0,0.9952630996704102,0.0047369603998959064,15.0,76000.0,439000.0,760.0,4390.0,0.8062671422958374,0.19373279809951782,69.0,0.0,1.0,0.9952631,0.0047369604,0.80626714,0.1937328,-6.03
148000.0,387000.0,1480.0,3870.0,0.34084218740463257,0.6591577529907227,438.0,148000.0,387000.0,1480.0,3870.0,0.7110952138900757,0.28890475630760193,21.0,148000.0,387000.0,1480.0,3870.0,0.0638318806886673,0.9361681342124939,76.0,0.3408422,0.65915775,0.7110952,0.28890476,0.06383188,0.93616813,-6.07
172000.0,379000.0,1720.0,3790.0,0.3309153914451599,0.6690845489501953,439.0,172000.0,379000.0,1720.0,3790.0,0.4701879024505615,0.5298120975494385,31.0,172000.0,379000.0,1720.0,3790.0,0.4109765589237213,0.5890234708786011,81.0,0.3309154,0.66908455,0.4701879,0.5298121,0.41097656,0.5890235,-6.102
430000.0,134000.0,4300.0,1340.0,0.7208425998687744,0.2791573703289032,436.0,430000.0,134000.0,4300.0,1340.0,0.40886640548706055,0.5911335349082947,43.0,430000.0,134000.0,4300.0,1340.0,0.8049788475036621,0.1950211226940155,85.0,0.7208426,0.27915737,0.4088664,0.59113353,0.80497885,0.19502112,-6.128
291000.0,282000.0,2910.0,2820.0,0.5518815517425537,0.4481184780597687,427.0,291000.0,282000.0,2910.0,2820.0,0.2276480495929718,0.7723519206047058,58.0,291000.0,282000.0,2910.0,2820.0,0.47024548053741455,0.5297545790672302,88.0,0.55188155,0.44811848,0.22764805,0.7723519,0.47024548,0.5297546,-6.146
413000.0,164000.0,4130.0,1640.0,0.704352080821991,0.29564788937568665,414.0,413000.0,164000.0,4130.0,1640.0,0.5112220644950867,0.48877793550491333,74.0,413000.0,164000.0,4130.0,1640.0,0.655771017074585,0.3442290425300598,89.0,0.7043521,0.2956479,0.51122206,0.48877794,0.655771,0.34422904,-6.154
388000.0,188000.0,3880.0,1880.0,0.7589635252952576,0.24103645980358124,396.0,388000.0,188000.0,3880.0,1880.0,0.648412823677063,0.3515872061252594,91.0,388000.0,188000.0,3880.0,1880.0,0.0,1.0,89.0,0.7589635,0.24103646,0.6484128,0.3515872,0.0,1.0,-6.151999999999999
392000.0,179000.0,3920.0,1790.0,0.7814151048660278,0.21858492493629456,374.0,392000.0,179000.0,3920.0,1790.0,0.5444745421409607,0.4555254876613617,110.0,392000.0,179000.0,3920.0,1790.0,0.2148381471633911,0.7851619124412537,87.0,0.7814151,0.21858492,0.54447454,0.4555255,0.21483815,0.7851619,-6.142
216000.0,346000.0,2160.0,3460.0,0.39531776309013367,0.6046822667121887,349.0,216000.0,346000.0,2160.0,3460.0,0.47451525926589966,0.5254846811294556,129.0,216000.0,346000.0,2160.0,3460.0,0.3598872423171997,0.6401127576828003,84.0,0.39531776,0.60468227,0.47451526,0.5254847,0.35988724,0.64011276,-6.1240000000000006
362000.0,187000.0,3620.0,1870.0,0.7049658298492432,0.29503414034843445,321.0,362000.0,187000.0,3620.0,1870.0,0.5537628531455994,0.446237176656723,148.0,362000.0,187000.0,3620.0,1870.0,0.4468016028404236,0.5531983971595764,80.0,0.70496583,0.29503414,0.55376285,0.44623718,0.4468016,0.5531984,-6.098000000000001
281000.0,251000.0,2810.0,2510.0,0.6110439300537109,0.3889560103416443,292.0,281000.0,251000.0,2810.0,2510.0,0.3183455765247345,0.6816544532775879,166.0,281000.0,251000.0,2810.0,2510.0,0.6309552192687988,0.36904478073120117,74.0,0.61104393,0.388956,0.31834558,0.68165445,0.6309552,0.36904478,-6.064
321000.0,190000.0,3210.0,1900.0,0.8413228392601013,0.15867720544338226,260.0,321000.0,190000.0,3210.0,1900.0,0.30146387219429016,0.6985361576080322,184.0,321000.0,190000.0,3210.0,1900.0,0.5102134346961975,0.4897864758968353,67.0,0.84132284,0.1586772,0.30146387,0.69853616,0.51021343,0.48978648,-6.022
95000.0,392000.0,950.0,3920.0,0.207787424325943,0.7922126054763794,228.0,95000.0,392000.0,950.0,3920.0,0.2806086838245392,0.7193913459777832,200.0,95000.0,392000.0,950.0,3920.0,0.3610520660877228,0.6389479041099548,59.0,0.20778742,0.7922126,0.28060868,0.71939135,0.36105207,0.6389479,-5.974
238000.0,224000.0,2380.0,2240.0,0.6803281307220459,0.3196718692779541,197.0,238000.0,224000.0,2380.0,2240.0,0.3327820599079132,0.6672179102897644,215.0,238000.0,224000.0,2380.0,2240.0,0.6088311672210693,0.39116886258125305,50.0,0.68032813,0.31967187,0.33278206,0.6672179,0.60883117,0.39116886,-5.9239999999999995
353000.0,82000.0,3530.0,820.0,0.6505959033966064,0.34940415620803833,167.0,353000.0,82000.0,3530.0,820.0,0.9656775593757629,0.03432249277830124,227.0,353000.0,82000.0,3530.0,820.0,0.3073464035987854,0.6926535964012146,41.0,0.6505959,0.34940416,0.96567756,0.034322493,0.3073464,0.6926536,-5.87
239000.0,168000.0,2390.0,1680.0,0.9169415831565857,0.08305837213993073,138.0,239000.0,168000.0,2390.0,1680.0,0.4252837002277374,0.5747162699699402,237.0,239000.0,168000.0,2390.0,1680.0,0.21348319947719574,0.7865167856216431,32.0,0.9169416,0.08305837,0.4252837,0.57471627,0.2134832,0.7865168,-5.814
295000.0,83000.0,2950.0,830.0,0.3082789480686188,0.6917210221290588,112.0,295000.0,83000.0,2950.0,830.0,1.0,0.0,244.0,295000.0,83000.0,2950.0,830.0,1.0,0.0,22.0,0.30827895,0.691721,1.0,0.0,1.0,0.0,-5.756
265000.0,85000.0,2650.0,850.0,1.0,0.0,89.0,265000.0,85000.0,2650.0,850.0,0.6684792041778564,0.33152082562446594,248.0,265000.0,85000.0,2650.0,850.0,0.05020090937614441,0.9497990608215332,13.0,1.0,0.0,0.6684792,0.33152083,0.05020091,0.94979906,-5.7
64000.0,259000.0,640.0,2590.0,0.5157900452613831,0.4842100143432617,70.0,64000.0,259000.0,640.0,2590.0,0.18475620448589325,0.8152437210083008,249.0,64000.0,259000.0,640.0,2590.0,0.46550682187080383,0.5344931483268738,4.0,0.51579005,0.48421,0.1847562,0.8152437,0.46550682,0.53449315,-5.646
210000.0,93000.0,2100.0,930.0,0.3911917805671692,0.6088082194328308,55.0,210000.0,93000.0,2100.0,930.0,0.7141804695129395,0.28581953048706055,248.0,210000.0,93000.0,2100.0,930.0,0.4700416028499603,0.5299583673477173,0.0,0.39119178,0.6088082,0.71418047,0.28581953,0.4700416,0.52995837,-5.606
235000.0,53000.0,2350.0,530.0,0.3642774224281311,0.6357225775718689,45.0,235000.0,53000.0,2350.0,530.0,0.8229606747627258,0.17703932523727417,243.0,235000.0,53000.0,2350.0,530.0,0.5050505995750427,0.49494943022727966,0.0,0.36427742,0.6357226,0.8229607,0.17703933,0.5050506,0.49494943,-5.576
197000.0,78000.0,1970.0,780.0,0.0637790709733963,0.9362209439277649,40.0,197000.0,78000.0,1970.0,780.0,0.7710460424423218,0.22895388305187225,235.0,197000.0,78000.0,1970.0,780.0,0.48346206545829773,0.5165379047393799,0.0,0.06377907,0.93622094,0.77104604,0.22895388,0.48346207,0.5165379,-5.550000000000001
81000.0,184000.0,810.0,1840.0,0.56932133436203,0.4306786358356476,40.0,81000.0,184000.0,810.0,1840.0,0.30713608860969543,0.692863941192627,225.0,81000.0,184000.0,810.0,1840.0,0.4853533208370209,0.5146466493606567,0.0,0.56932133,0.43067864,0.3071361,0.69286394,0.48535332,0.51464665,-5.529999999999999
34000.0,223000.0,340.0,2230.0,0.5864098072052002,0.4135901927947998,45.0,34000.0,223000.0,340.0,2230.0,0.12824515998363495,0.8717548251152039,212.0,34000.0,223000.0,340.0,2230.0,0.3823598027229309,0.6176401972770691,0.0,0.5864098,0.4135902,0.12824516,0.8717548,0.3823598,0.6176402,-5.514
133000.0,119000.0,1330.0,1190.0,0.515410840511322,0.4845891296863556,55.0,133000.0,119000.0,1330.0,1190.0,0.5230174660682678,0.4769825041294098,197.0,133000.0,119000.0,1330.0,1190.0,0.9734249114990234,0.026575081050395966,0.0,0.51541084,0.48458913,0.52301747,0.4769825,0.9734249,0.026575081,-5.504
108000.0,142000.0,1080.0,1420.0,0.577395498752594,0.42260444164276123,69.0,108000.0,142000.0,1080.0,1420.0,0.3970993161201477,0.6029006838798523,181.0,108000.0,142000.0,1080.0,1420.0,0.8420024514198303,0.15799760818481445,0.0,0.5773955,0.42260444,0.39709932,0.6029007,0.84200245,0.15799761,-5.5
229000.0,22000.0,2290.0,220.0,0.7021334171295166,0.2978665232658386,88.0,229000.0,22000.0,2290.0,220.0,1.0,0.0,163.0,229000.0,22000.0,2290.0,220.0,0.901793360710144,0.09820658713579178,0.0,0.7021334,0.29786652,1.0,0.0,0.90179336,0.09820659,-5.502000000000001
163000.0,92000.0,1630.0,920.0,1.0,0.0,111.0,163000.0,92000.0,1630.0,920.0,0.3895336389541626,0.6104663610458374,144.0,163000.0,92000.0,1630.0,920.0,0.24843500554561615,0.7515650391578674,0.0,1.0,0.0,0.38953364,0.61046636,0.248435,0.75156504,-5.51
85000.0,177000.0,850.0,1770.0,0.425326943397522,0.5746731162071228,137.0,85000.0,177000.0,850.0,1770.0,0.28721603751182556,0.712783932685852,125.0,85000.0,177000.0,850.0,1770.0,0.3828602731227875,0.6171396970748901,0.0,0.42532694,0.5746731,0.28721604,0.71278393,0.38286027,0.6171397,-5.524
80000.0,191000.0,800.0,1910.0,0.4894943833351135,0.5105056762695312,165.0,80000.0,191000.0,800.0,1910.0,0.07297350466251373,0.9270265102386475,106.0,80000.0,191000.0,800.0,1910.0,0.5102028846740723,0.48979705572128296,0.0,0.48949438,0.5105057,0.072973505,0.9270265,0.5102029,0.48979706,-5.542
7000.0,277000.0,70.0,2770.0,0.0,1.0,196.0,7000.0,277000.0,70.0,2770.0,0.16455574333667755,0.8354442119598389,88.0,7000.0,277000.0,70.0,2770.0,0.3373118042945862,0.6626881957054138,0.0,0.0,1.0,0.16455574,0.8354442,0.3373118,0.6626882,-5.568
132000.0,166000.0,1320.0,1660.0,0.4586934745311737,0.5413065552711487,227.0,132000.0,166000.0,1320.0,1660.0,0.4402978718280792,0.5597021579742432,71.0,132000.0,166000.0,1320.0,1660.0,0.47869613766670227,0.5213038921356201,0.0,0.45869347,0.54130656,0.44029787,0.55970216,0.47869614,0.5213039,-5.596
133000.0,183000.0,1330.0,1830.0,0.3676438331604004,0.6323562264442444,259.0,133000.0,183000.0,1330.0,1830.0,0.7432509064674377,0.25674906373023987,55.0,133000.0,183000.0,1330.0,1830.0,0.9885551333427429,0.01144492533057928,2.0,0.36764383,0.6323562,0.7432509,0.25674906,0.98855513,0.011444925,-5.632
299000.0,43000.0,2990.0,430.0,1.0,0.0,290.0,299000.0,43000.0,2990.0,430.0,0.1761639267206192,0.823836088180542,41.0,299000.0,43000.0,2990.0,430.0,0.4820351004600525,0.5179648995399475,11.0,1.0,0.0,0.17616393,0.8238361,0.4820351,0.5179649,-5.683999999999999
326000.0,43000.0,3260.0,430.0,0.8286761045455933,0.17132388055324554,320.0,326000.0,43000.0,3260.0,430.0,0.5548009872436523,0.44519898295402527,29.0,326000.0,43000.0,3260.0,430.0,0.8699076175689697,0.1300923377275467,20.0,0.8286761,0.17132388,0.554801,0.44519898,0.8699076,0.13009234,-5.7379999999999995
88000.0,310000.0,880.0,3100.0,0.24797280132770538,0.7520272135734558,348.0,88000.0,310000.0,880.0,3100.0,0.35554343461990356,0.6444565653800964,20.0,88000.0,310000.0,880.0,3100.0,0.5837118625640869,0.4162881672382355,30.0,0.2479728,0.7520272,0.35554343,0.64445657,0.58371186,0.41628817,-5.796
364000.0,62000.0,3640.0,620.0,0.8175414800643921,0.18245850503444672,373.0,364000.0,62000.0,3640.0,620.0,0.6624440550804138,0.3375558853149414,14.0,364000.0,62000.0,3640.0,620.0,0.48772573471069336,0.5122742652893066,39.0,0.8175415,0.1824585,0.66244406,0.3375559,0.48772573,0.51227427,-5.852
266000.0,188000.0,2660.0,1880.0,0.6125063896179199,0.3874935805797577,395.0,266000.0,188000.0,2660.0,1880.0,0.16650539636611938,0.8334946632385254,10.0,266000.0,188000.0,2660.0,1880.0,0.2879853844642639,0.7120146751403809,49.0,0.6125064,0.38749358,0.1665054,0.83349466,0.28798538,0.7120147,-5.9079999999999995
244000.0,236000.0,2440.0,2360.0,0.5296116471290588,0.47038838267326355,413.0,244000.0,236000.0,2440.0,2360.0,0.06962642073631287,0.9303735494613647,10.0,244000.0,236000.0,2440.0,2360.0,0.4108799993991852,0.5891199707984924,57.0,0.52961165,0.47038838,0.06962642,0.93037355,0.41088,0.58912,-5.96
