0.684,0.328,0.384,0.128,0.0,0.0,262.0,0.684,0.328,0.384,0.128,0.0,0.0,183.0,0.684,0.328,0.384,0.128,0.0,0.0,67.0,0.5611255,0.43887445,0.8838244,0.11617561,0.5828748,0.41712523,0.49554687500000005
0.989,0.3,0.389,0.1,0.539486825466156,0.4605131447315216,230.0,0.989,0.3,0.389,0.1,1.0,0.0,200.0,0.989,0.3,0.389,0.1,0.8336458206176758,0.16635411977767944,59.0,0.5394868,0.46051314,1.0,0.0,0.8336458,0.16635412,0.4942280163599182
1.063,0.0,0.463,0.0,0.8807211518287659,0.11927881836891174,198.0,1.063,0.0,0.463,0.0,0.9018369913101196,0.09816302359104156,214.0,1.063,0.0,0.463,0.0,1.0,0.0,51.0,0.88072115,0.11927882,0.901837,0.09816302,1.0,0.0,0.7449082073434126
1.036,0.0,0.436,0.0,0.9019800424575806,0.09801995754241943,168.0,1.036,0.0,0.436,0.0,1.0,0.0,227.0,1.036,0.0,0.436,0.0,0.9663909673690796,0.03360902890563011,41.0,0.90198004,0.09801996,1.0,0.0,0.96639097,0.03360903,0.7447477064220184
1.008,0.0,0.408,0.0,0.8182268738746643,0.1817731261253357,139.0,1.008,0.0,0.408,0.0,0.811573326587677,0.1884266883134842,237.0,1.008,0.0,0.408,0.0,0.9787503480911255,0.021249614655971527,32.0,0.8182269,0.18177313,0.8115733,0.18842669,0.97875035,0.021249615,0.7445588235294118
0.961,0.218,0.361,0.018,1.0,0.0,113.0,0.961,0.218,0.361,0.018,0.7689446806907654,0.23105527460575104,244.0,0.961,0.218,0.361,0.018,0.6594173908233643,0.34058260917663574,22.0,1.0,0.0,0.7689447,0.23105527,0.6594174,0.3405826,0.49327836411609494
0.949,0.202,0.349,0.002,1.0,0.0,90.0,0.949,0.202,0.349,0.002,0.9134281277656555,0.0865718349814415,248.0,0.949,0.202,0.349,0.002,0.6902012228965759,0.30979880690574646,13.0,1.0,0.0,0.9134281,0.086571835,0.6902012,0.3097988,0.49294159544159544
0.924,0.0,0.324,0.0,1.0,0.0,71.0,0.924,0.0,0.324,0.0,1.0,0.0,249.0,0.924,0.0,0.324,0.0,1.0,0.0,4.0,1.0,0.0,1.0,0.0,1.0,0.0,0.7437962962962963
0.631,0.173,0.231,0.073,1.0,0.0,56.0,0.631,0.173,0.231,0.073,0.6242682337760925,0.37573182582855225,248.0,0.631,0.173,0.231,0.073,0.7076757550239563,0.29232433438301086,0.0,1.0,0.0,0.62426823,0.37573183,0.70767576,0.29232433,0.49421052631578943
0.689,0.0,0.289,0.0,0.8551824688911438,0.1448175311088562,46.0,0.689,0.0,0.289,0.0,1.0,0.0,243.0,0.689,0.0,0.289,0.0,0.7122259140014648,0.28777408599853516,0.0,0.85518247,0.14481753,1.0,0.0,0.7122259,0.2877741,0.7447318339100346
0.676,0.0,0.276,0.0,1.0,0.0,40.0,0.676,0.0,0.276,0.0,1.0,0.0,236.0,0.676,0.0,0.276,0.0,0.5770931243896484,0.4229068458080292,0.0,1.0,0.0,1.0,0.0,0.5770931,0.42290685,0.7446014492753623
0.665,0.0,0.265,0.0,0.8619641065597534,0.138035848736763,40.0,0.665,0.0,0.265,0.0,1.0,0.0,225.0,0.665,0.0,0.265,0.0,0.32375186681747437,0.6762481331825256,0.0,0.8619641,0.13803585,1.0,0.0,0.32375187,0.67624813,0.7444811320754716
0.613,0.145,0.213,0.045,1.0,0.0,45.0,0.613,0.145,0.213,0.045,0.6743143200874329,0.32568565011024475,213.0,0.613,0.145,0.213,0.045,0.6754517555236816,0.32454824447631836,0.0,1.0,0.0,0.6743143,0.32568565,0.67545176,0.32454824,0.493624031007752
0.652,0.0,0.252,0.0,1.0,0.0,54.0,0.652,0.0,0.252,0.0,1.0,0.0,198.0,0.652,0.0,0.252,0.0,0.2684294283390045,0.7315705418586731,0.0,1.0,0.0,1.0,0.0,0.26842943,0.73157054,0.7443253968253969
0.636,0.115,0.236,0.015,0.6678510904312134,0.33214887976646423,69.0,0.636,0.115,0.236,0.015,1.0,0.0,182.0,0.636,0.115,0.236,0.015,0.9819333553314209,0.018066667020320892,0.0,0.6678511,0.33214888,1.0,0.0,0.98193336,0.018066667,0.49351593625498014
0.651,0.0,0.251,0.0,0.8655089735984802,0.13449101150035858,87.0,0.651,0.0,0.251,0.0,0.9680633544921875,0.03193666413426399,164.0,0.651,0.0,0.251,0.0,0.3395906090736389,0.6604093909263611,0.0,0.865509,0.13449101,0.96806335,0.031936664,0.3395906,0.6604094,0.744312749003984
0.639,0.116,0.239,0.016,0.7122462391853333,0.28775379061698914,110.0,0.639,0.116,0.239,0.016,0.8908805847167969,0.10911939293146133,145.0,0.639,0.116,0.239,0.016,0.5612691640853882,0.43873080611228943,0.0,0.71224624,0.2877538,0.8908806,0.10911939,0.56126916,0.4387308,0.4935784313725491
0.617,0.345,0.217,0.045,0.7005425095558167,0.29945749044418335,136.0,0.617,0.345,0.217,0.045,0.6947811245918274,0.3052189350128174,126.0,0.617,0.345,0.217,0.045,0.9149141311645508,0.08508583903312683,0.0,0.7005425,0.2994575,0.6947811,0.30521894,0.91491413,0.08508584,0.49215648854961835
0.6,0.271,0.2,0.071,0.5401282906532288,0.45987170934677124,164.0,0.6,0.271,0.2,0.071,0.8927456736564636,0.10725434124469757,107.0,0.6,0.271,0.2,0.071,0.8856767416000366,0.11432326585054398,0.0,0.5401283,0.4598717,0.8927457,0.10725434,0.88567674,0.114323266,0.4930719557195572
0.683,0.0,0.283,0.0,1.0,0.0,194.0,0.683,0.0,0.283,0.0,1.0,0.0,89.0,0.683,0.0,0.283,0.0,0.5454546213150024,0.4545454680919647,0.0,1.0,0.0,1.0,0.0,0.5454546,0.45454547,0.7446731448763251
0.697,0.0,0.297,0.0,1.0,0.0,226.0,0.697,0.0,0.297,0.0,1.0,0.0,71.0,0.697,0.0,0.297,0.0,0.4780043661594391,0.5219956040382385,0.0,1.0,0.0,1.0,0.0,0.47800437,0.5219956,0.7448063973063973
0.792,0.222,0.292,0.022,0.9060878157615662,0.09391214698553085,257.0,0.792,0.222,0.292,0.022,0.5747811794281006,0.425218790769577,55.0,0.792,0.222,0.292,0.022,0.38708585500717163,0.6129141449928284,2.0,0.9060878,0.09391215,0.5747812,0.4252188,0.38708586,0.61291414,0.4930414012738853
0.934,0.207,0.334,0.007,0.8818938732147217,0.1181061714887619,289.0,0.934,0.207,0.334,0.007,1.0,0.0,41.0,0.934,0.207,0.334,0.007,0.3997063934803009,0.6002936363220215,11.0,0.8818939,0.11810617,1.0,0.0,0.3997064,0.60029364,0.49280791788856304
0.968,0.201,0.368,0.001,1.0,0.0,319.0,0.968,0.201,0.368,0.001,1.0,0.0,30.0,0.968,0.201,0.368,0.001,0.7715206146240234,0.2284793257713318,20.0,1.0,0.0,1.0,0.0,0.7715206,0.22847933,0.49316395663956636
0.997,0.0,0.397,0.0,1.0,0.0,347.0,0.997,0.0,0.397,0.0,0.823329746723175,0.17667022347450256,20.0,0.997,0.0,0.397,0.0,1.0,0.0,30.0,1.0,0.0,0.82332975,0.17667022,1.0,0.0,0.7444773299748111
1.025,0.0,0.425,0.0,1.0,0.0,372.0,1.025,0.0,0.425,0.0,0.8419303894042969,0.15806958079338074,14.0,1.025,0.0,0.425,0.0,1.0,0.0,39.0,1.0,0.0,0.8419304,0.15806958,1.0,0.0,0.7446764705882353
1.052,0.0,0.452,0.0,0.9369166493415833,0.06308341771364212,394.0,1.052,0.0,0.452,0.0,1.0,0.0,10.0,1.052,0.0,0.452,0.0,0.905403196811676,0.09459684044122696,48.0,0.93691665,0.06308342,1.0,0.0,0.9054032,0.09459684,0.7448451327433628
1.074,0.105,0.474,0.005,1.0,0.0,412.0,1.074,0.105,0.474,0.005,0.515465497970581,0.48453444242477417,10.0,1.074,0.105,0.474,0.005,1.0,0.0,57.0,1.0,0.0,0.5154655,0.48453444,1.0,0.0,0.49457724425887273
0.966,0.437,0.366,0.137,0.6106632351875305,0.3893367648124695,426.0,0.966,0.437,0.366,0.137,0.667108416557312,0.332891583442688,12.0,0.966,0.437,0.366,0.137,0.9521485567092896,0.04785139858722687,65.0,0.61066324,0.38933676,0.6671084,0.33289158,0.95214856,0.0478514,0.49392147117296226
1.119,0.306,0.519,0.006,0.830014705657959,0.1699853092432022,435.0,1.119,0.306,0.519,0.006,0.6643608212471008,0.33563920855522156,18.0,1.119,0.306,0.519,0.006,0.7791838049888611,0.22081618010997772,72.0,0.8300147,0.16998531,0.6643608,0.3356392,0.7791838,0.22081618,0.4940714285714286
1.133,0.211,0.533,0.011,1.0,0.0,439.0,1.133,0.211,0.533,0.011,0.9852806329727173,0.014719362370669842,26.0,1.133,0.211,0.533,0.011,0.7179264426231384,0.28207358717918396,79.0,1.0,0.0,0.98528063,0.014719362,0.71792644,0.2820736,0.49455882352941183
1.158,0.0,0.558,0.0,0.8132960200309753,0.18670399487018585,438.0,1.158,0.0,0.558,0.0,1.0,0.0,37.0,1.158,0.0,0.558,0.0,1.0,0.0,83.0,0.813296,0.186704,1.0,0.0,1.0,0.0,0.7453494623655914
1.157,0.112,0.557,0.012,1.0,0.0,432.0,1.157,0.112,0.557,0.012,0.6612537503242493,0.3387462794780731,50.0,1.157,0.112,0.557,0.012,1.0,0.0,87.0,1.0,0.0,0.66125375,0.33874628,1.0,0.0,0.4950395430579966
1.175,0.0,0.575,0.0,1.0,0.0,421.0,1.175,0.0,0.575,0.0,0.9680204391479492,0.03197953477501869,65.0,1.175,0.0,0.575,0.0,1.0,0.0,89.0,1.0,0.0,0.96802044,0.031979535,1.0,0.0,0.7454130434782609
1.152,0.125,0.552,0.025,1.0,0.0,406.0,1.152,0.125,0.552,0.025,1.0,0.0,82.0,1.152,0.125,0.552,0.025,0.6305528283119202,0.36944717168807983,89.0,1.0,0.0,1.0,0.0,0.6305528,0.36944717,0.4950736568457539
1.175,0.0,0.575,0.0,0.9305563569068909,0.06944362819194794,386.0,1.175,0.0,0.575,0.0,1.0,0.0,100.0,1.175,0.0,0.575,0.0,0.9653438329696655,0.034656208008527756,89.0,0.93055636,0.06944363,1.0,0.0,0.96534383,0.034656208,0.7454130434782609
1.095,0.273,0.495,0.073,0.7084473967552185,0.2915526330471039,363.0,1.095,0.273,0.495,0.073,1.0,0.0,119.0,1.095,0.273,0.495,0.073,0.6739426255226135,0.3260573744773865,86.0,0.7084474,0.29155263,1.0,0.0,0.6739426,0.32605737,0.49468309859154935
1.036,0.32,0.436,0.12,0.5857419371604919,0.41425806283950806,336.0,1.036,0.32,0.436,0.12,1.0,0.0,138.0,1.036,0.32,0.436,0.12,0.9023861885070801,0.09761382639408112,82.0,0.58574194,0.41425806,1.0,0.0,0.9023862,0.09761383,0.4946223021582734
1.049,0.392,0.449,0.092,0.6923490762710571,0.30765095353126526,307.0,1.049,0.392,0.449,0.092,0.6592700481414795,0.3407299518585205,157.0,1.049,0.392,0.449,0.092,1.0,0.0,77.0,0.6923491,0.30765095,0.65927005,0.34072995,1.0,0.0,0.4941728280961183
1.121,0.202,0.521,0.002,0.796445369720459,0.2035546451807022,277.0,1.121,0.202,0.521,0.002,1.0,0.0,175.0,1.121,0.202,0.521,0.002,1.0,0.0,71.0,0.79644537,0.20355465,1.0,0.0,1.0,0.0,0.49444072657743776
1.1,0.0,0.5,0.0,1.0,0.0,245.0,1.1,0.0,0.5,0.0,1.0,0.0,192.0,1.1,0.0,0.5,0.0,0.9905295968055725,0.009470413438975811,63.0,1.0,0.0,1.0,0.0,0.9905296,0.009470413,0.7451
1.075,0.0,0.475,0.0,0.8462967276573181,0.1537032425403595,213.0,1.075,0.0,0.475,0.0,1.0,0.0,207.0,1.075,0.0,0.475,0.0,1.0,0.0,55.0,0.8462967,0.15370324,1.0,0.0,1.0,0.0,0.7449736842105263
0.937,0.312,0.337,0.112,0.7384183406829834,0.2615816593170166,182.0,0.937,0.312,0.337,0.112,0.5462048649787903,0.45379510521888733,221.0,0.937,0.312,0.337,0.112,0.9193069338798523,0.08069301396608353,46.0,0.73841834,0.26158166,0.54620486,0.4537951,0.91930693,0.080693014,0.49393652561247214
0.949,0.272,0.349,0.072,0.805040717124939,0.19495931267738342,153.0,0.949,0.272,0.349,0.072,0.613226592540741,0.38677340745925903,232.0,0.949,0.272,0.349,0.072,1.0,0.0,36.0,0.8050407,0.19495931,0.6132266,0.3867734,1.0,0.0,0.49369952494061753
0.993,0.0,0.393,0.0,0.7986822724342346,0.20131774246692657,125.0,0.993,0.0,0.393,0.0,1.0,0.0,241.0,0.993,0.0,0.393,0.0,1.0,0.0,27.0,0.7986823,0.20131774,1.0,0.0,1.0,0.0,0.7444465648854962
0.962,0.102,0.362,0.002,1.0,0.0,101.0,0.962,0.102,0.362,0.002,1.0,0.0,246.0,0.962,0.102,0.362,0.002,0.7260128855705261,0.2739870548248291,17.0,1.0,0.0,1.0,0.0,0.7260129,0.27398705,0.4936538461538462
0.937,0.0,0.337,0.0,0.850806474685669,0.14919359982013702,80.0,0.937,0.0,0.337,0.0,1.0,0.0,249.0,0.937,0.0,0.337,0.0,0.9102469086647034,0.08975309878587723,8.0,0.8508065,0.1491936,1.0,0.0,0.9102469,0.0897531,0.7439391691394659
0.663,0.149,0.263,0.049,0.9729018807411194,0.027098095044493675,63.0,0.663,0.149,0.263,0.049,0.6816338300704956,0.318366140127182,249.0,0.663,0.149,0.263,0.049,0.5543020963668823,0.44569793343544006,0.0,0.9729019,0.027098095,0.68163383,0.31836614,0.5543021,0.44569793,0.49429487179487186
0.696,0.0,0.296,0.0,1.0,0.0,50.0,0.696,0.0,0.296,0.0,0.8983955383300781,0.10160449892282486,246.0,0.696,0.0,0.296,0.0,0.2875668406486511,0.7124331593513489,0.0,1.0,0.0,0.89839554,0.1016045,0.28756684,0.71243316,0.7447972972972974
0.682,0.0,0.282,0.0,0.839156448841095,0.16084358096122742,42.0,0.682,0.0,0.282,0.0,0.9040558338165283,0.09594417363405228,240.0,0.682,0.0,0.282,0.0,0.5183947682380676,0.48160529136657715,0.0,0.83915645,0.16084358,0.90405583,0.09594417,0.51839477,0.4816053,0.7446631205673759
0.671,0.0,0.271,0.0,0.8479325771331787,0.1520674079656601,40.0,0.671,0.0,0.271,0.0,0.9974058270454407,0.0025941685307770967,231.0,0.671,0.0,0.271,0.0,0.5203731060028076,0.47962686419487,0.0,0.8479326,0.15206741,0.9974058,0.0025941685,0.5203731,0.47962686,0.7445479704797048
0.661,0.0,0.261,0.0,1.0,0.0,42.0,0.661,0.0,0.261,0.0,0.8681303262710571,0.13186964392662048,219.0,0.661,0.0,0.261,0.0,0.4903566837310791,0.5096433162689209,0.0,1.0,0.0,0.8681303,0.13186964,0.49035668,0.5096433,0.7444348659003832
0.654,0.0,0.254,0.0,1.0,0.0,49.0,0.654,0.0,0.254,0.0,0.9471883773803711,0.05281160771846771,205.0,0.654,0.0,0.254,0.0,0.9294934272766113,0.07050657272338867,0.0,1.0,0.0,0.9471884,0.052811608,0.9294934,0.07050657,0.7443503937007874
0.651,0.0,0.251,0.0,1.0,0.0,61.0,0.651,0.0,0.251,0.0,0.8893333077430725,0.11066669970750809,190.0,0.651,0.0,0.251,0.0,0.6586807370185852,0.3413192629814148,0.0,1.0,0.0,0.8893333,0.1106667,0.65868074,0.34131926,0.744312749003984
0.65,0.0,0.25,0.0,0.9865854382514954,0.013414540328085423,78.0,0.65,0.0,0.25,0.0,1.0,0.0,172.0,0.65,0.0,0.25,0.0,0.3206220269203186,0.6793779730796814,0.0,0.98658544,0.01341454,1.0,0.0,0.32062203,0.679378,0.7443
0.653,0.0,0.253,0.0,1.0,0.0,99.0,0.653,0.0,0.253,0.0,0.8969587087631226,0.10304130613803864,154.0,0.653,0.0,0.253,0.0,0.7783689498901367,0.22163105010986328,0.0,1.0,0.0,0.8969587,0.103041306,0.77836895,0.22163105,0.7443379446640317
0.658,0.0,0.258,0.0,1.0,0.0,123.0,0.658,0.0,0.258,0.0,1.0,0.0,135.0,0.658,0.0,0.258,0.0,0.9228042960166931,0.0771956816315651,0.0,1.0,0.0,1.0,0.0,0.9228043,0.07719568,0.7443992248062016
0.666,0.0,0.266,0.0,1.0,0.0,150.0,0.666,0.0,0.266,0.0,1.0,0.0,116.0,0.666,0.0,0.266,0.0,0.0,1.0,0.0,1.0,0.0,1.0,0.0,0.0,1.0,0.7444924812030076
0.609,0.268,0.209,0.068,0.6119406819343567,0.3880592882633209,180.0,0.609,0.268,0.209,0.068,0.7288046479225159,0.2711953818798065,97.0,0.609,0.268,0.209,0.068,0.42784836888313293,0.5721516013145447,0.0,0.6119407,0.3880593,0.72880465,0.27119538,0.42784837,0.5721516,0.4931678700361011
0.657,0.233,0.257,0.033,0.7072729468345642,0.2927270829677582,211.0,0.657,0.233,0.257,0.033,0.8560420870780945,0.1439579576253891,79.0,0.657,0.233,0.257,0.033,0.6696613430976868,0.33033862709999084,0.0,0.70727295,0.29272708,0.8560421,0.14395796,0.66966134,0.33033863,0.49336206896551726
0.686,0.319,0.286,0.019,0.7790948152542114,0.22090519964694977,242.0,0.686,0.319,0.286,0.019,0.6985190510749817,0.3014809787273407,63.0,0.686,0.319,0.286,0.019,0.5821316242218018,0.41786834597587585,0.0,0.7790948,0.2209052,0.69851905,0.30148098,0.5821316,0.41786835,0.4929098360655737
0.823,0.105,0.323,0.005,1.0,0.0,274.0,0.823,0.105,0.323,0.005,1.0,0.0,48.0,0.823,0.105,0.323,0.005,0.25867095589637756,0.7413290143013,6.0,1.0,0.0,1.0,0.0,0.25867096,0.741329,0.4938414634146342
0.953,0.203,0.353,0.003,0.8540412187576294,0.14595884084701538,305.0,0.953,0.203,0.353,0.003,1.0,0.0,35.0,0.953,0.203,0.353,0.003,0.6963511109352112,0.3036489188671112,16.0,0.8540412,0.14595884,1.0,0.0,0.6963511,0.30364892,0.4930056179775282
0.983,0.0,0.383,0.0,1.0,0.0,334.0,0.983,0.0,0.383,0.0,1.0,0.0,24.0,0.983,0.0,0.383,0.0,0.9260362386703491,0.07396373897790909,25.0,1.0,0.0,1.0,0.0,0.92603624,0.07396374,0.7443668407310705
0.988,0.225,0.388,0.025,0.7609869241714478,0.23901303112506866,361.0,0.988,0.225,0.388,0.025,0.7308470606803894,0.2691529393196106,17.0,0.988,0.225,0.388,0.025,1.0,0.0,35.0,0.7609869,0.23901303,0.73084706,0.26915294,1.0,0.0,0.4936259079903148
1.04,0.0,0.44,0.0,0.8751109838485718,0.124889075756073,384.0,1.04,0.0,0.44,0.0,1.0,0.0,12.0,1.04,0.0,0.44,0.0,1.0,0.0,44.0,0.875111,0.124889076,1.0,0.0,1.0,0.0,0.7447727272727273
1.067,0.0,0.467,0.0,0.8698944449424744,0.13010552525520325,404.0,1.067,0.0,0.467,0.0,1.0,0.0,10.0,1.067,0.0,0.467,0.0,1.0,0.0,53.0,0.86989444,0.13010553,1.0,0.0,1.0,0.0,0.7449304068522484
1.077,0.115,0.477,0.015,0.9182898998260498,0.08171014487743378,420.0,1.077,0.115,0.477,0.015,1.0,0.0,11.0,1.077,0.115,0.477,0.015,0.6523956656455994,0.34760433435440063,61.0,0.9182899,0.081710145,1.0,0.0,0.65239567,0.34760433,0.4946544715447154
1.113,0.102,0.513,0.002,0.900756299495697,0.09924367070198059,431.0,1.113,0.102,0.513,0.002,0.7092621922492981,0.2907377779483795,15.0,1.113,0.102,0.513,0.002,0.8647326231002808,0.13526739180088043,69.0,0.9007563,0.09924367,0.7092622,0.29073778,0.8647326,0.13526739,0.4947815533980583
1.135,0.0,0.535,0.0,1.0,0.0,438.0,1.135,0.0,0.535,0.0,1.0,0.0,21.0,1.135,0.0,0.535,0.0,0.9784755706787109,0.021524442359805107,76.0,1.0,0.0,1.0,0.0,0.9784756,0.021524442,0.7452570093457944
1.149,0.102,0.549,0.002,1.0,0.0,439.0,1.149,0.102,0.549,0.002,1.0,0.0,31.0,1.149,0.102,0.549,0.002,0.7882882952690125,0.21171166002750397,81.0,1.0,0.0,1.0,0.0,0.7882883,0.21171166,0.4949591651542651
1.148,0.116,0.548,0.016,0.7785314917564392,0.22146856784820557,436.0,1.148,0.116,0.548,0.016,0.8142880201339722,0.18571193516254425,43.0,1.148,0.116,0.548,0.016,1.0,0.0,85.0,0.7785315,0.22146857,0.814288,0.18571194,1.0,0.0,0.4950177304964538
1.173,0.0,0.573,0.0,1.0,0.0,427.0,1.173,0.0,0.573,0.0,1.0,0.0,58.0,1.173,0.0,0.573,0.0,1.0,0.0,88.0,1.0,0.0,1.0,0.0,1.0,0.0,0.7454057591623037
1.169,0.108,0.569,0.008,1.0,0.0,414.0,1.169,0.108,0.569,0.008,0.8841387629508972,0.1158611923456192,74.0,1.169,0.108,0.569,0.008,0.7460533380508423,0.2539466619491577,89.0,1.0,0.0,0.88413876,0.11586119,0.74605334,0.25394666,0.4950736568457539
1.143,0.333,0.543,0.033,0.7538883686065674,0.24611157178878784,396.0,1.143,0.333,0.543,0.033,1.0,0.0,91.0,1.143,0.333,0.543,0.033,0.7773170471191406,0.22268293797969818,89.0,0.75388837,0.24611157,1.0,0.0,0.77731705,0.22268294,0.494375
1.145,0.126,0.545,0.026,0.9934846758842468,0.006515361834317446,374.0,1.145,0.126,0.545,0.026,0.6606972813606262,0.339302659034729,110.0,1.145,0.126,0.545,0.026,0.9448408484458923,0.05515919253230095,87.0,0.9934847,0.006515362,0.6606973,0.33930266,0.94484085,0.055159193,0.4950481611208406
1.162,0.0,0.562,0.0,0.9882331490516663,0.011766885407269001,349.0,1.162,0.0,0.562,0.0,0.8268806338310242,0.1731194108724594,129.0,1.162,0.0,0.562,0.0,1.0,0.0,84.0,0.98823315,0.011766885,0.82688063,0.17311941,1.0,0.0,0.7453647686832741
1.144,0.105,0.544,0.005,1.0,0.0,321.0,1.144,0.105,0.544,0.005,0.7794196009635925,0.2205803394317627,148.0,1.144,0.105,0.544,0.005,1.0,0.0,80.0,1.0,0.0,0.7794196,0.22058034,1.0,0.0,0.49494990892531876
1.107,0.225,0.507,0.025,1.0,0.0,292.0,1.107,0.225,0.507,0.025,0.7089055180549622,0.29109451174736023,166.0,1.107,0.225,0.507,0.025,0.8188766837120056,0.181123286485672,74.0,1.0,0.0,0.7089055,0.2910945,0.8188767,0.18112329,0.4944924812030076
1.1,0.111,0.5,0.011,0.8353151082992554,0.16468490660190582,260.0,1.1,0.111,0.5,0.011,0.9381207227706909,0.0618792362511158,184.0,1.1,0.111,0.5,0.011,0.7047051787376404,0.295294851064682,67.0,0.8353151,0.1646849,0.9381207,0.061879236,0.7047052,0.29529485,0.4947602739726027
1.087,0.0,0.487,0.0,1.0,0.0,228.0,1.087,0.0,0.487,0.0,1.0,0.0,200.0,1.087,0.0,0.487,0.0,1.0,0.0,59.0,1.0,0.0,1.0,0.0,1.0,0.0,0.7450359342915811
1.007,0.155,0.407,0.055,0.8201019763946533,0.17989805340766907,197.0,1.007,0.155,0.407,0.055,0.6473507285118103,0.3526493012905121,215.0,1.007,0.155,0.407,0.055,1.0,0.0,50.0,0.820102,0.17989805,0.6473507,0.3526493,1.0,0.0,0.4944696969696969
1.027,0.108,0.427,0.008,0.772638201713562,0.2273617833852768,167.0,1.027,0.108,0.427,0.008,1.0,0.0,227.0,1.027,0.108,0.427,0.008,1.0,0.0,41.0,0.7726382,0.22736178,1.0,0.0,1.0,0.0,0.4942816091954023
1.007,0.0,0.407,0.0,1.0,0.0,138.0,1.007,0.0,0.407,0.0,1.0,0.0,237.0,1.007,0.0,0.407,0.0,1.0,0.0,32.0,1.0,0.0,1.0,0.0,1.0,0.0,0.744551597051597
0.978,0.0,0.378,0.0,0.967416524887085,0.03258341923356056,112.0,0.978,0.0,0.378,0.0,1.0,0.0,244.0,0.978,0.0,0.378,0.0,1.0,0.0,22.0,0.9674165,0.03258342,1.0,0.0,1.0,0.0,0.7443253968253969
0.95,0.0,0.35,0.0,1.0,0.0,89.0,0.95,0.0,0.35,0.0,0.8162538409233093,0.18374620378017426,248.0,0.95,0.0,0.35,0.0,0.9739679098129272,0.026032032445073128,13.0,1.0,0.0,0.81625384,0.1837462,0.9739679,0.026032032,0.7440714285714285
0.922,0.101,0.322,0.001,1.0,0.0,70.0,0.922,0.101,0.322,0.001,1.0,0.0,249.0,0.922,0.101,0.322,0.001,0.7165568470954895,0.2834430932998657,4.0,1.0,0.0,1.0,0.0,0.71655685,0.2834431,0.4931656346749227
0.695,0.108,0.295,0.008,1.0,0.0,55.0,0.695,0.108,0.295,0.008,0.7794522643089294,0.22054770588874817,248.0,0.695,0.108,0.295,0.008,0.5995681285858154,0.40043187141418457,0.0,1.0,0.0,0.77945226,0.2205477,0.5995681,0.40043187,0.4941996699669967
0.595,0.293,0.195,0.093,1.0,0.0,45.0,0.595,0.293,0.195,0.093,0.5698812007904053,0.43011876940727234,243.0,0.595,0.293,0.195,0.093,0.4049466550350189,0.5950533747673035,0.0,1.0,0.0,0.5698812,0.43011877,0.40494666,0.5950534,0.4933333333333334
0.604,0.371,0.204,0.071,0.7185171246528625,0.28148287534713745,40.0,0.604,0.371,0.204,0.071,0.6315844655036926,0.36841556429862976,235.0,0.604,0.371,0.204,0.071,0.7886872291564941,0.21131280064582825,0.0,0.7185171,0.28148288,0.63158447,0.36841556,0.7886872,0.2113128,0.4924090909090909
0.665,0.0,0.265,0.0,0.9121122360229492,0.0878877267241478,40.0,0.665,0.0,0.265,0.0,1.0,0.0,225.0,0.665,0.0,0.265,0.0,0.7575409412384033,0.2424589991569519,0.0,0.91211224,0.08788773,1.0,0.0,0.75754094,0.242459,0.7444811320754716
0.657,0.0,0.257,0.0,1.0,0.0,45.0,0.657,0.0,0.257,0.0,0.8565073609352112,0.1434926837682724,212.0,0.657,0.0,0.257,0.0,1.0,0.0,0.0,1.0,0.0,0.85650736,0.14349268,1.0,0.0,0.744387159533074
0.647,0.105,0.247,0.005,0.7416484355926514,0.258351594209671,55.0,0.647,0.105,0.247,0.005,1.0,0.0,197.0,0.647,0.105,0.247,0.005,0.55545973777771,0.44454026222229004,0.0,0.74164844,0.2583516,1.0,0.0,0.55545974,0.44454026,0.4935317460317461
0.623,0.127,0.223,0.027,1.0,0.0,69.0,0.623,0.127,0.223,0.027,0.7116959691047668,0.28830406069755554,181.0,0.623,0.127,0.223,0.027,0.8164767026901245,0.18352331221103668,0.0,1.0,0.0,0.71169597,0.28830406,0.8164767,0.18352331,0.49350000000000005
0.651,0.0,0.251,0.0,0.942474365234375,0.05752560868859291,88.0,0.651,0.0,0.251,0.0,1.0,0.0,163.0,0.651,0.0,0.251,0.0,0.2996468245983124,0.7003531455993652,0.0,0.94247437,0.05752561,1.0,0.0,0.29964682,0.70035315,0.744312749003984
0.623,0.132,0.223,0.032,0.813094437122345,0.18690556287765503,111.0,0.623,0.132,0.223,0.032,0.6677068471908569,0.3322931230068207,144.0,0.623,0.132,0.223,0.032,0.5201820731163025,0.4798179268836975,0.0,0.81309444,0.18690556,0.66770685,0.33229312,0.5201821,0.47981793,0.493578431372549
0.662,0.0,0.262,0.0,1.0,0.0,137.0,0.662,0.0,0.262,0.0,0.8242860436439514,0.1757139414548874,125.0,0.662,0.0,0.262,0.0,0.41028133034706116,0.5897186398506165,0.0,1.0,0.0,0.82428604,0.17571394,0.41028133,0.58971864,0.7444465648854962
0.671,0.0,0.271,0.0,0.8814179301261902,0.11858206242322922,165.0,0.671,0.0,0.271,0.0,1.0,0.0,106.0,0.671,0.0,0.271,0.0,0.0,1.0,0.0,0.88141793,0.11858206,1.0,0.0,0.0,1.0,0.7445479704797048
0.684,0.0,0.284,0.0,1.0,0.0,196.0,0.684,0.0,0.284,0.0,0.9086761474609375,0.0913238599896431,88.0,0.684,0.0,0.284,0.0,0.6325933933258057,0.36740657687187195,0.0,1.0,0.0,0.90867615,0.09132386,0.6325934,0.36740658,0.7446830985915494
0.698,0.0,0.298,0.0,1.0,0.0,227.0,0.698,0.0,0.298,0.0,1.0,0.0,71.0,0.698,0.0,0.298,0.0,1.0,0.0,0.0,1.0,0.0,1.0,0.0,1.0,0.0,0.7448154362416107
0.811,0.105,0.311,0.005,1.0,0.0,259.0,0.811,0.105,0.311,0.005,0.7446436285972595,0.2553563416004181,55.0,0.811,0.105,0.311,0.005,1.0,0.0,2.0,1.0,0.0,0.7446436,0.25535634,1.0,0.0,0.49370253164556965
0.935,0.107,0.335,0.007,0.9835304617881775,0.016469595953822136,290.0,0.935,0.107,0.335,0.007,1.0,0.0,41.0,0.935,0.107,0.335,0.007,0.43041929602622986,0.5695807337760925,11.0,0.98353046,0.016469596,1.0,0.0,0.4304193,0.56958073,0.493406432748538
0.855,0.414,0.255,0.114,0.6044937968254089,0.3955061435699463,320.0,0.855,0.414,0.255,0.114,0.8049730658531189,0.1950269341468811,29.0,0.855,0.414,0.255,0.114,0.49474436044692993,0.5052555799484253,20.0,0.6044938,0.39550614,0.80497307,0.19502693,0.49474436,0.5052556,0.49262195121951224
0.985,0.213,0.385,0.013,1.0,0.0,348.0,0.985,0.213,0.385,0.013,0.8350487947463989,0.1649511605501175,20.0,0.985,0.213,0.385,0.013,0.5499924421310425,0.4500075578689575,30.0,1.0,0.0,0.8350488,0.16495116,0.54999244,0.45000756,0.4934798994974874
1.025,0.101,0.425,0.001,1.0,0.0,373.0,1.025,0.101,0.425,0.001,0.7376463413238525,0.2623536288738251,14.0,1.025,0.101,0.425,0.001,1.0,0.0,39.0,1.0,0.0,0.73764634,0.26235363,1.0,0.0,0.49421361502347416
1.054,0.0,0.454,0.0,0.8796756267547607,0.12032442539930344,395.0,1.054,0.0,0.454,0.0,0.9950551390647888,0.004944838583469391,10.0,1.054,0.0,0.454,0.0,0.8214616775512695,0.17853833734989166,49.0,0.8796756,0.120324425,0.99505514,0.0049448386,0.8214617,0.17853834,0.7448568281938326
0.973,0.207,0.373,0.107,0.6440794467926025,0.35592058300971985,413.0,0.973,0.207,0.373,0.107,1.0,0.0,10.0,0.973,0.207,0.373,0.107,1.0,0.0,57.0,0.64407945,0.35592058,1.0,0.0,1.0,0.0,0.4945833333333334
0.921,0.384,0.321,0.184,0.5412957668304443,0.4587041735649109,427.0,0.921,0.384,0.321,0.184,0.9948924779891968,0.005107551347464323,12.0,0.921,0.384,0.321,0.184,1.0,0.0,66.0,0.54129577,0.45870417,0.9948925,0.0051075513,1.0,0.0,0.4943316831683169
1.126,0.0,0.526,0.0,1.0,0.0,435.0,1.126,0.0,0.526,0.0,0.7896698713302612,0.21033012866973877,18.0,1.126,0.0,0.526,0.0,0.8020750880241394,0.19792497158050537,73.0,1.0,0.0,0.7896699,0.21033013,0.8020751,0.19792497,0.7452186311787072
1.142,0.102,0.542,0.002,1.0,0.0,439.0,1.142,0.102,0.542,0.002,0.7497932314872742,0.2502067983150482,26.0,1.142,0.102,0.542,0.002,0.995040237903595,0.004959774203598499,79.0,1.0,0.0,0.74979323,0.2502068,0.99504024,0.004959774,0.49492647058823525
1.064,0.195,0.464,0.095,0.6699005365371704,0.330099493265152,438.0,1.064,0.195,0.464,0.095,0.7944086194038391,0.2055913656949997,37.0,1.064,0.195,0.464,0.095,1.0,0.0,84.0,0.66990054,0.3300995,0.7944086,0.20559137,1.0,0.0,0.49499552772808586
1.132,0.137,0.532,0.037,1.0,0.0,432.0,1.132,0.137,0.532,0.037,1.0,0.0,50.0,1.132,0.137,0.532,0.037,0.5467150211334229,0.45328494906425476,87.0,1.0,0.0,1.0,0.0,0.546715,0.45328495,0.49503954305799647
1.163,0.113,0.563,0.013,0.780775785446167,0.21922418475151062,421.0,1.163,0.113,0.563,0.013,0.8853345513343811,0.11466538161039352,66.0,1.163,0.113,0.563,0.013,0.8434776663780212,0.15652236342430115,89.0,0.7807758,0.21922418,0.88533455,0.11466538,0.84347767,0.15652236,0.49506944444444434
1.149,0.228,0.549,0.028,1.0,0.0,405.0,1.149,0.228,0.549,0.028,0.6101068258285522,0.38989320397377014,83.0,1.149,0.228,0.549,0.028,0.789730429649353,0.21026961505413055,89.0,1.0,0.0,0.6101068,0.3898932,0.7897304,0.21026962,0.49472703639514726
1.164,0.21,0.564,0.01,0.9249669909477234,0.0750330314040184,385.0,1.164,0.21,0.564,0.01,1.0,0.0,101.0,1.164,0.21,0.564,0.01,0.7294052243232727,0.2705947756767273,88.0,0.924967,0.07503303,1.0,0.0,0.7294052,0.27059478,0.49471254355400696
1.165,0.203,0.565,0.003,1.0,0.0,362.0,1.165,0.203,0.565,0.003,1.0,0.0,120.0,1.165,0.203,0.565,0.003,0.7805838584899902,0.21941611170768738,86.0,1.0,0.0,1.0,0.0,0.78058386,0.21941611,0.49468309859154935
1.118,0.338,0.518,0.038,0.7513782382011414,0.24862180650234222,335.0,1.118,0.338,0.518,0.038,1.0,0.0,139.0,1.118,0.338,0.518,0.038,0.7160896062850952,0.28391033411026,82.0,0.75137824,0.2486218,1.0,0.0,0.7160896,0.28391033,0.4942625899280576
0.635,0.506,0.235,0.306,0.10514117032289505,0.8948587775230408,306.0,0.635,0.506,0.235,0.306,1.0,0.0,158.0,0.635,0.506,0.235,0.306,1.0,0.0,77.0,0.10514117,0.8948588,1.0,0.0,1.0,0.0,0.49528188539741214
1.021,0.0,0.521,0.0,0.8203079700469971,0.17969202995300293,275.0,1.021,0.0,0.521,0.0,0.9773021340370178,0.022697879001498222,176.0,1.021,0.0,0.521,0.0,0.9407442808151245,0.05925570800900459,70.0,0.82030797,0.17969203,0.97730213,0.022697879,0.9407443,0.059255708,0.7455806142034549
1.09,0.11,0.49,0.01,0.9165095686912537,0.08349046856164932,244.0,1.09,0.11,0.49,0.01,0.82244873046875,0.17755126953125,193.0,1.09,0.11,0.49,0.01,0.7012916803359985,0.2987082898616791,63.0,0.91650957,0.08349047,0.82244873,0.17755127,0.7012917,0.2987083,0.4946999999999999
1.062,0.212,0.462,0.012,1.0,0.0,212.0,1.062,0.212,0.462,0.012,0.8256381154060364,0.17436189949512482,208.0,1.062,0.212,0.462,0.012,0.6657882332801819,0.3342117667198181,54.0,1.0,0.0,0.8256381,0.1743619,0.66578823,0.33421177,0.4941244725738396
1.047,0.0,0.447,0.0,1.0,0.0,181.0,1.047,0.0,0.447,0.0,0.9799315929412842,0.02006833627820015,221.0,1.047,0.0,0.447,0.0,0.904643177986145,0.09535685181617737,45.0,1.0,0.0,0.9799316,0.020068336,0.9046432,0.09535685,0.7448154362416107
0.979,0.14,0.379,0.04,0.6402782201766968,0.359721839427948,151.0,0.979,0.14,0.379,0.04,0.8299490213394165,0.1700509935617447,232.0,0.979,0.14,0.379,0.04,0.9149339199066162,0.08506614714860916,36.0,0.6402782,0.35972184,0.829949,0.170051,0.9149339,0.08506615,0.4941587112171838
0.992,0.0,0.392,0.0,0.8292738795280457,0.17072606086730957,124.0,0.992,0.0,0.392,0.0,1.0,0.0,241.0,0.992,0.0,0.392,0.0,1.0,0.0,27.0,0.8292739,0.17072606,1.0,0.0,1.0,0.0,0.7444387755102041
0.96,0.104,0.36,0.004,1.0,0.0,100.0,0.96,0.104,0.36,0.004,0.8705506920814514,0.12944935262203217,247.0,0.96,0.104,0.36,0.004,0.6676638126373291,0.3323362171649933,17.0,1.0,0.0,0.8705507,0.12944935,0.6676638,0.33233622,0.4936538461538462
0.904,0.332,0.304,0.032,1.0,0.0,79.0,0.904,0.332,0.304,0.032,0.7356012463569641,0.2643987536430359,249.0,0.904,0.332,0.304,0.032,0.3945589065551758,0.6054410934448242,8.0,1.0,0.0,0.73560125,0.26439875,0.3945589,0.6054411,0.4921428571428571
0.608,0.303,0.208,0.103,0.9623792171478271,0.03762079030275345,62.0,0.608,0.303,0.208,0.103,0.5516599416732788,0.4483400583267212,249.0,0.608,0.303,0.208,0.103,0.755459725856781,0.24454033374786377,0.0,0.9623792,0.03762079,0.55165994,0.44834006,0.7554597,0.24454033,0.4936414790996785
0.663,0.233,0.263,0.033,0.8611636757850647,0.13883639872074127,50.0,0.663,0.233,0.263,0.033,0.7184529900550842,0.28154703974723816,246.0,0.663,0.233,0.263,0.033,0.4264543950557709,0.5735456347465515,0.0,0.8611637,0.1388364,0.718453,0.28154704,0.4264544,0.57354563,0.49344594594594593
0.681,0.0,0.281,0.0,1.0,0.0,42.0,0.681,0.0,0.281,0.0,0.9836128354072571,0.01638716273009777,239.0,0.681,0.0,0.281,0.0,0.5609681606292725,0.43903183937072754,0.0,1.0,0.0,0.98361284,0.016387163,0.56096816,0.43903184,0.744653024911032
0.67,0.0,0.27,0.0,1.0,0.0,40.0,0.67,0.0,0.27,0.0,1.0,0.0,230.0,0.67,0.0,0.27,0.0,0.6907988786697388,0.3092011511325836,0.0,1.0,0.0,1.0,0.0,0.6907989,0.30920115,0.744537037037037
0.661,0.0,0.261,0.0,0.846407949924469,0.153592050075531,42.0,0.661,0.0,0.261,0.0,1.0,0.0,219.0,0.661,0.0,0.261,0.0,1.0,0.0,0.0,0.84640795,0.15359205,1.0,0.0,1.0,0.0,0.7444348659003832
0.655,0.0,0.255,0.0,1.0,0.0,50.0,0.655,0.0,0.255,0.0,0.8788456916809082,0.12115433812141418,205.0,0.655,0.0,0.255,0.0,0.188223734498024,0.8117762804031372,0.0,1.0,0.0,0.8788457,0.12115434,0.18822373,0.8117763,0.7443627450980392
0.651,0.0,0.251,0.0,0.9001046419143677,0.09989530593156815,62.0,0.651,0.0,0.251,0.0,0.901171863079071,0.09882816672325134,189.0,0.651,0.0,0.251,0.0,1.0,0.0,0.0,0.90010464,0.099895306,0.90117186,0.09882817,1.0,0.0,0.744312749003984
0.585,0.266,0.185,0.066,0.5754017233848572,0.42459824681282043,79.0,0.585,0.266,0.185,0.066,0.6747384071350098,0.325261652469635,172.0,0.585,0.266,0.185,0.066,0.7273450493812561,0.2726548910140991,0.0,0.5754017,0.42459825,0.6747384,0.32526165,0.72734505,0.2726549,0.492719123505976
0.653,0.0,0.253,0.0,1.0,0.0,100.0,0.653,0.0,0.253,0.0,0.9901532530784607,0.009846726432442665,153.0,0.653,0.0,0.253,0.0,0.6639710068702698,0.336029052734375,0.0,1.0,0.0,0.99015325,0.009846726,0.663971,0.33602905,0.7443379446640317
0.658,0.0,0.258,0.0,1.0,0.0,124.0,0.658,0.0,0.258,0.0,0.8805582523345947,0.11944179981946945,134.0,0.658,0.0,0.258,0.0,0.44811826944351196,0.551881730556488,0.0,1.0,0.0,0.88055825,0.1194418,0.44811827,0.55188173,0.7443992248062016
0.65,0.116,0.25,0.016,0.7348107099533081,0.2651892900466919,151.0,0.65,0.116,0.25,0.016,1.0,0.0,115.0,0.65,0.116,0.25,0.016,0.6907965540885925,0.30920347571372986,0.0,0.7348107,0.2651893,1.0,0.0,0.69079655,0.30920348,0.4937406015037594
0.624,0.354,0.224,0.054,0.6704299449920654,0.3295700252056122,181.0,0.624,0.354,0.224,0.054,0.7066791653633118,0.2933208644390106,97.0,0.624,0.354,0.224,0.054,1.0,0.0,0.0,0.67042994,0.32957003,0.70667917,0.29332086,1.0,0.0,0.49246402877697837
0.683,0.208,0.283,0.008,0.7776433229446411,0.2223566770553589,212.0,0.683,0.208,0.283,0.008,1.0,0.0,79.0,0.683,0.208,0.283,0.008,1.0,0.0,0.0,0.7776433,0.22235668,1.0,0.0,1.0,0.0,0.4933762886597939
0.656,0.25,0.256,0.05,0.6760013699531555,0.32399865984916687,244.0,0.656,0.25,0.256,0.05,0.9490110874176025,0.050988953560590744,62.0,0.656,0.25,0.256,0.05,0.504839301109314,0.49516066908836365,0.0,0.67600137,0.32399866,0.9490111,0.050988954,0.5048393,0.49516067,0.4935784313725491
0.829,0.0,0.329,0.0,0.9614449143409729,0.0385550782084465,275.0,0.829,0.0,0.329,0.0,1.0,0.0,47.0,0.829,0.0,0.329,0.0,1.0,0.0,7.0,0.9614449,0.03855508,1.0,0.0,1.0,0.0,0.7444604863221884
0.933,0.323,0.333,0.023,0.7736462950706482,0.22635366022586823,306.0,0.933,0.323,0.333,0.023,0.6587243676185608,0.3412756025791168,34.0,0.933,0.323,0.333,0.023,0.7232294082641602,0.27677062153816223,16.0,0.7736463,0.22635366,0.65872437,0.3412756,0.7232294,0.27677062,0.4924438202247191
0.982,0.202,0.382,0.002,1.0,0.0,335.0,0.982,0.202,0.382,0.002,0.7570631504058838,0.2429368495941162,24.0,0.982,0.202,0.382,0.002,0.9432756900787354,0.05672428756952286,25.0,1.0,0.0,0.75706315,0.24293685,0.9432757,0.056724288,0.4933333333333334
0.996,0.317,0.396,0.017,1.0,0.0,362.0,0.996,0.317,0.396,0.017,0.32443544268608093,0.6755645275115967,16.0,0.996,0.317,0.396,0.017,0.7347148060798645,0.2652851641178131,35.0,1.0,0.0,0.32443544,0.6755645,0.7347148,0.26528516,0.4931416464891041
1.038,0.202,0.438,0.002,1.0,0.0,385.0,1.038,0.202,0.438,0.002,0.6722296476364136,0.32777032256126404,11.0,1.038,0.202,0.438,0.002,1.0,0.0,44.0,1.0,0.0,0.67222965,0.32777032,1.0,0.0,0.4938636363636364
1.061,0.307,0.461,0.007,1.0,0.0,405.0,1.061,0.307,0.461,0.007,0.63084477186203,0.3691551983356476,10.0,1.061,0.307,0.461,0.007,0.7519753575325012,0.2480245977640152,53.0,1.0,0.0,0.6308448,0.3691552,0.75197536,0.2480246,0.4936538461538462
0.984,0.21,0.384,0.11,0.6433879137039185,0.3566121459007263,421.0,0.984,0.21,0.384,0.11,0.8242529630661011,0.17574699223041534,11.0,0.984,0.21,0.384,0.11,0.9739329218864441,0.026067037135362625,62.0,0.6433879,0.35661215,0.82425296,0.17574699,0.9739329,0.026067037,0.494665991902834
1.112,0.104,0.512,0.004,1.0,0.0,432.0,1.112,0.104,0.512,0.004,0.6249301433563232,0.37506988644599915,15.0,1.112,0.104,0.512,0.004,0.906360387802124,0.09363961219787598,69.0,1.0,0.0,0.62493014,0.3750699,0.9063604,0.09363961,0.4947868217054263
1.091,0.145,0.491,0.045,0.7378605008125305,0.2621394991874695,438.0,1.091,0.145,0.491,0.045,0.8813918232917786,0.11860813200473785,22.0,1.091,0.145,0.491,0.045,1.0,0.0,76.0,0.7378605,0.2621395,0.8813918,0.11860813,1.0,0.0,0.49488805970149263
0.991,0.461,0.391,0.161,0.5940605401992798,0.4059394299983978,439.0,0.991,0.461,0.391,0.161,0.6140314340591431,0.3859686255455017,32.0,0.991,0.461,0.391,0.161,1.0,0.0,81.0,0.59406054,0.40593943,0.61403143,0.38596863,1.0,0.0,0.4942391304347826
1.151,0.214,0.551,0.014,1.0,0.0,435.0,1.151,0.214,0.551,0.014,0.6128002405166626,0.3871997594833374,44.0,1.151,0.214,0.551,0.014,1.0,0.0,86.0,1.0,0.0,0.61280024,0.38719976,1.0,0.0,0.4946681415929204
1.082,0.191,0.482,0.091,0.6726076602935791,0.3273923695087433,427.0,1.082,0.191,0.482,0.091,0.868375301361084,0.1316247284412384,58.0,1.082,0.191,0.482,0.091,0.8818936347961426,0.11810637265443802,88.0,0.67260766,0.32739237,0.8683753,0.13162473,0.88189363,0.11810637,0.49505671902268755
1.176,0.0,0.576,0.0,1.0,0.0,413.0,1.176,0.0,0.576,0.0,0.864868700504303,0.1351313441991806,74.0,1.176,0.0,0.576,0.0,1.0,0.0,89.0,1.0,0.0,0.8648687,0.13513134,1.0,0.0,0.7454166666666666
1.15,0.226,0.55,0.026,1.0,0.0,395.0,1.15,0.226,0.55,0.026,0.7769278883934021,0.2230721265077591,92.0,1.15,0.226,0.55,0.026,0.6545935273170471,0.3454064428806305,89.0,1.0,0.0,0.7769279,0.22307213,0.6545935,0.34540644,0.4947222222222223
1.086,0.185,0.486,0.085,0.663074254989624,0.33692577481269836,373.0,1.086,0.185,0.486,0.085,0.9154499173164368,0.08455006778240204,111.0,1.086,0.185,0.486,0.085,1.0,0.0,87.0,0.66307425,0.33692577,0.9154499,0.08455007,1.0,0.0,0.4950481611208406
1.162,0.0,0.562,0.0,1.0,0.0,348.0,1.162,0.0,0.562,0.0,0.8837136626243591,0.11628632247447968,130.0,1.162,0.0,0.562,0.0,1.0,0.0,84.0,1.0,0.0,0.88371366,0.11628632,1.0,0.0,0.7453647686832741
1.145,0.103,0.545,0.003,1.0,0.0,320.0,1.145,0.103,0.545,0.003,1.0,0.0,149.0,1.145,0.103,0.545,0.003,0.7760767340660095,0.22392328083515167,79.0,1.0,0.0,1.0,0.0,0.77607673,0.22392328,0.49494525547445256
1.13,0.0,0.53,0.0,1.0,0.0,290.0,1.13,0.0,0.53,0.0,0.851134181022644,0.14886584877967834,167.0,1.13,0.0,0.53,0.0,1.0,0.0,73.0,1.0,0.0,0.8511342,0.14886585,1.0,0.0,0.7452358490566038
0.913,0.297,0.313,0.197,0.3431357443332672,0.6568642258644104,259.0,0.913,0.297,0.313,0.197,1.0,0.0,185.0,0.913,0.297,0.313,0.197,0.8534496426582336,0.14655037224292755,66.0,0.34313574,0.6568642,1.0,0.0,0.85344964,0.14655037,0.4947549019607843
1.086,0.0,0.486,0.0,1.0,0.0,227.0,1.086,0.0,0.486,0.0,1.0,0.0,201.0,1.086,0.0,0.486,0.0,0.9541144967079163,0.04588555917143822,58.0,1.0,0.0,1.0,0.0,0.9541145,0.04588556,0.7450308641975308
1.061,0.0,0.461,0.0,0.9030439257621765,0.09695610404014587,196.0,1.061,0.0,0.461,0.0,0.9645261168479919,0.03547383472323418,215.0,1.061,0.0,0.461,0.0,1.0,0.0,50.0,0.9030439,0.096956104,0.9645261,0.035473835,1.0,0.0,0.7448969631236442
1.034,0.0,0.434,0.0,0.9261613488197327,0.07383864372968674,165.0,1.034,0.0,0.434,0.0,1.0,0.0,228.0,1.034,0.0,0.434,0.0,0.845847487449646,0.1541524976491928,41.0,0.92616135,0.073838644,1.0,0.0,0.8458475,0.1541525,0.7447350230414747
1.005,0.0,0.405,0.0,0.8349137306213379,0.1650862693786621,137.0,1.005,0.0,0.405,0.0,1.0,0.0,237.0,1.005,0.0,0.405,0.0,1.0,0.0,31.0,0.83491373,0.16508627,1.0,0.0,1.0,0.0,0.744537037037037
0.931,0.146,0.331,0.046,0.5519893765449524,0.44801065325737,111.0,0.931,0.146,0.331,0.046,1.0,0.0,244.0,0.931,0.146,0.331,0.046,1.0,0.0,22.0,0.5519894,0.44801065,1.0,0.0,1.0,0.0,0.4937864721485411
0.948,0.0,0.348,0.0,0.8154429197311401,0.18455709517002106,88.0,0.948,0.0,0.348,0.0,1.0,0.0,248.0,0.948,0.0,0.348,0.0,1.0,0.0,12.0,0.8154429,0.1845571,1.0,0.0,1.0,0.0,0.744051724137931
0.904,0.117,0.304,0.017,0.6500158309936523,0.34998419880867004,69.0,0.904,0.117,0.304,0.017,0.8398285508155823,0.16017144918441772,249.0,0.904,0.117,0.304,0.017,0.9356690645217896,0.06433100253343582,3.0,0.65001583,0.3499842,0.83982855,0.16017145,0.93566906,0.064331,0.49313862928348917
0.637,0.166,0.237,0.066,0.949819028377533,0.05018094554543495,55.0,0.637,0.166,0.237,0.066,0.6397982835769653,0.3602016866207123,248.0,0.637,0.166,0.237,0.066,0.31261059641838074,0.6873894333839417,0.0,0.949819,0.050180946,0.6397983,0.3602017,0.3126106,0.68738943,0.4941996699669966
0.688,0.0,0.288,0.0,1.0,0.0,45.0,0.688,0.0,0.288,0.0,0.9524684548377991,0.04753154516220093,243.0,0.688,0.0,0.288,0.0,0.4679737389087677,0.5320262908935547,0.0,1.0,0.0,0.95246845,0.047531545,0.46797374,0.5320263,0.7447222222222223
0.675,0.0,0.275,0.0,1.0,0.0,40.0,0.675,0.0,0.275,0.0,1.0,0.0,235.0,0.675,0.0,0.275,0.0,0.2850721776485443,0.7149277925491333,0.0,1.0,0.0,1.0,0.0,0.28507218,0.7149278,0.7445909090909091
0.664,0.0,0.264,0.0,0.8901527523994446,0.1098472997546196,40.0,0.664,0.0,0.264,0.0,1.0,0.0,224.0,0.664,0.0,0.264,0.0,0.7070527672767639,0.2929472029209137,0.0,0.89015275,0.1098473,1.0,0.0,0.70705277,0.2929472,0.7444696969696969
0.654,0.103,0.254,0.003,0.7631562948226929,0.23684370517730713,45.0,0.654,0.103,0.254,0.003,1.0,0.0,212.0,0.654,0.103,0.254,0.003,0.3958798050880432,0.6041201949119568,0.0,0.7631563,0.2368437,1.0,0.0,0.3958798,0.6041202,0.4936089494163425
0.648,0.204,0.248,0.004,0.7583190202713013,0.24168097972869873,55.0,0.648,0.204,0.248,0.004,1.0,0.0,197.0,0.648,0.204,0.248,0.004,0.7807958722114563,0.21920408308506012,0.0,0.758319,0.24168098,1.0,0.0,0.7807959,0.21920408,0.4927380952380952
0.632,0.218,0.232,0.018,0.6431047320365906,0.35689523816108704,70.0,0.632,0.218,0.232,0.018,0.8046667575836182,0.19533327221870422,180.0,0.632,0.218,0.232,0.018,0.41545796394348145,0.5845420360565186,0.0,0.64310473,0.35689524,0.80466676,0.19533327,0.41545796,0.58454204,0.4926999999999999
0.622,0.129,0.222,0.029,1.0,0.0,89.0,0.622,0.129,0.222,0.029,0.6933382749557495,0.3066617548465729,162.0,0.622,0.129,0.222,0.029,0.5297619700431824,0.4702380299568176,0.0,1.0,0.0,0.6933383,0.30666175,0.52976197,0.47023803,0.49351593625498014
0.655,0.0,0.255,0.0,0.9850224852561951,0.014977474696934223,112.0,0.655,0.0,0.255,0.0,0.866710364818573,0.1332896649837494,143.0,0.655,0.0,0.255,0.0,0.08666826039552689,0.9133317470550537,0.0,0.9850225,0.014977475,0.86671036,0.13328966,0.08666826,0.91333175,0.7443627450980392
0.624,0.138,0.224,0.038,0.6327540874481201,0.3672458827495575,138.0,0.624,0.138,0.224,0.038,1.0,0.0,124.0,0.624,0.138,0.224,0.038,0.5184839367866516,0.481516033411026,0.0,0.6327541,0.36724588,1.0,0.0,0.51848394,0.48151603,0.4936832061068702
0.601,0.37,0.201,0.07,0.622531533241272,0.37746843695640564,166.0,0.601,0.37,0.201,0.07,0.6827433109283447,0.31725674867630005,105.0,0.601,0.37,0.201,0.07,0.3922780454158783,0.6077219247817993,0.0,0.62253153,0.37746844,0.6827433,0.31725675,0.39227805,0.6077219,0.4923339483394834
0.682,0.202,0.282,0.002,0.7941057085990906,0.205894336104393,197.0,0.682,0.202,0.282,0.002,1.0,0.0,87.0,0.682,0.202,0.282,0.002,0.6173016428947449,0.3826983869075775,0.0,0.7941057,0.20589434,1.0,0.0,0.61730164,0.3826984,0.493274647887324
0.684,0.114,0.284,0.014,0.9914522171020508,0.008547734469175339,228.0,0.684,0.114,0.284,0.014,0.6821513772010803,0.3178485929965973,70.0,0.684,0.114,0.284,0.014,0.8371334671974182,0.16286659240722656,0.0,0.9914522,0.0085477345,0.6821514,0.3178486,0.83713347,0.16286659,0.4941442953020134
0.704,0.313,0.304,0.013,1.0,0.0,260.0,0.704,0.313,0.304,0.013,0.6905578970909119,0.30944207310676575,54.0,0.704,0.313,0.304,0.013,0.0,1.0,3.0,1.0,0.0,0.6905579,0.30944207,0.0,1.0,0.49308359621451103
0.74,0.403,0.24,0.103,0.5922697186470032,0.4077303111553192,291.0,0.74,0.403,0.24,0.103,1.0,0.0,40.0,0.74,0.403,0.24,0.103,0.6947917342185974,0.305208295583725,12.0,0.5922697,0.4077303,1.0,0.0,0.69479173,0.3052083,0.49283527696793006
0.964,0.207,0.364,0.007,0.9286179542541504,0.07138200849294662,321.0,0.964,0.207,0.364,0.007,0.9310100078582764,0.06899002194404602,29.0,0.964,0.207,0.364,0.007,0.5886975526809692,0.411302387714386,21.0,0.92861795,0.07138201,0.93101,0.06899002,0.58869755,0.4113024,0.49318733153638816
0.993,0.206,0.393,0.006,0.8385105729103088,0.16148945689201355,349.0,0.993,0.206,0.393,0.006,1.0,0.0,20.0,0.993,0.206,0.393,0.006,0.6873710751533508,0.31262892484664917,30.0,0.8385106,0.16148946,1.0,0.0,0.6873711,0.31262892,0.49348997493734337
0.844,0.483,0.244,0.183,0.5285381078720093,0.4714618921279907,374.0,0.844,0.483,0.244,0.183,1.0,0.0,13.0,0.844,0.483,0.244,0.183,0.5893270373344421,0.4106729328632355,40.0,0.5285381,0.4714619,1.0,0.0,0.58932704,0.41067293,0.49328454332552696
1.054,0.101,0.454,0.001,0.8481406569480896,0.15185929834842682,396.0,1.054,0.101,0.454,0.001,0.7195572853088379,0.2804427146911621,10.0,1.054,0.101,0.454,0.001,1.0,0.0,49.0,0.84814066,0.1518593,0.7195573,0.2804427,1.0,0.0,0.49442307692307697
1.082,0.0,0.482,0.0,1.0,0.0,414.0,1.082,0.0,0.482,0.0,0.8861238360404968,0.11387617141008377,10.0,1.082,0.0,0.482,0.0,0.8024188280105591,0.1975812017917633,58.0,1.0,0.0,0.88612384,0.11387617,0.8024188,0.1975812,0.7450103734439835
0.972,0.333,0.372,0.133,0.6220723986625671,0.3779275715351105,427.0,0.972,0.333,0.372,0.133,0.48796457052230835,0.5120354294776917,12.0,0.972,0.333,0.372,0.133,0.8381001353263855,0.16189990937709808,66.0,0.6220724,0.37792757,0.48796457,0.5120354,0.83810014,0.16189991,0.4943316831683169
1.127,0.0,0.527,0.0,1.0,0.0,436.0,1.127,0.0,0.527,0.0,0.8921788334846497,0.10782117396593094,18.0,1.127,0.0,0.527,0.0,1.0,0.0,73.0,1.0,0.0,0.89217883,0.107821174,1.0,0.0,0.7452229601518027
1.136,0.109,0.536,0.009,1.0,0.0,439.0,1.136,0.109,0.536,0.009,0.5927714109420776,0.40722861886024475,27.0,1.136,0.109,0.536,0.009,1.0,0.0,79.0,1.0,0.0,0.5927714,0.40722862,1.0,0.0,0.4949311926605504
1.16,0.0,0.56,0.0,1.0,0.0,438.0,1.16,0.0,0.56,0.0,0.8704733848571777,0.12952667474746704,38.0,1.16,0.0,0.56,0.0,1.0,0.0,84.0,1.0,0.0,0.8704734,0.12952667,1.0,0.0,0.7453571428571428
1.164,0.106,0.564,0.006,1.0,0.0,432.0,1.164,0.106,0.564,0.006,0.727730929851532,0.272269070148468,51.0,1.164,0.106,0.564,0.006,1.0,0.0,87.0,1.0,0.0,0.72773093,0.27226907,1.0,0.0,0.4950438596491228
1.175,0.0,0.575,0.0,0.8423969149589539,0.15760305523872375,420.0,1.175,0.0,0.575,0.0,1.0,0.0,66.0,1.175,0.0,0.575,0.0,1.0,0.0,89.0,0.8423969,0.15760306,1.0,0.0,1.0,0.0,0.7454130434782609
1.151,0.125,0.551,0.025,1.0,0.0,404.0,1.151,0.125,0.551,0.025,1.0,0.0,83.0,1.151,0.125,0.551,0.025,0.6286792159080505,0.3713207542896271,89.0,1.0,0.0,1.0,0.0,0.6286792,0.37132075,0.49506944444444445
1.174,0.0,0.574,0.0,1.0,0.0,384.0,1.174,0.0,0.574,0.0,1.0,0.0,102.0,1.174,0.0,0.574,0.0,1.0,0.0,88.0,1.0,0.0,1.0,0.0,1.0,0.0,0.7454094076655052
1.151,0.116,0.551,0.016,0.7738977074623108,0.22610226273536682,361.0,1.151,0.116,0.551,0.016,0.9543697834014893,0.04563019052147865,120.0,1.151,0.116,0.551,0.016,1.0,0.0,86.0,0.7738977,0.22610226,0.9543698,0.04563019,1.0,0.0,0.49503086419753084
1.155,0.101,0.555,0.001,1.0,0.0,334.0,1.155,0.101,0.555,0.001,1.0,0.0,140.0,1.155,0.101,0.555,0.001,0.793790876865387,0.20620906352996826,82.0,1.0,0.0,1.0,0.0,0.7937909,0.20620906,0.4949820143884892
1.093,0.146,0.493,0.046,0.9461607336997986,0.053839296102523804,305.0,1.093,0.146,0.493,0.046,0.625055730342865,0.3749442398548126,158.0,1.093,0.146,0.493,0.046,1.0,0.0,76.0,0.94616073,0.053839296,0.62505573,0.37494424,1.0,0.0,0.49490259740259734
1.107,0.213,0.507,0.013,1.0,0.0,274.0,1.107,0.213,0.507,0.013,0.7549182772636414,0.24508173763751984,176.0,1.107,0.213,0.507,0.013,1.0,0.0,70.0,1.0,0.0,0.7549183,0.24508174,1.0,0.0,0.49442307692307685
1.032,0.365,0.432,0.065,0.9559736251831055,0.044026318937540054,242.0,1.032,0.365,0.432,0.065,0.6081792712211609,0.3918207585811615,193.0,1.032,0.365,0.432,0.065,0.7752892374992371,0.22471074759960175,62.0,0.9559736,0.04402632,0.6081793,0.39182076,0.77528924,0.22471075,0.4938782696177062
1.074,0.0,0.474,0.0,0.8011358976364136,0.19886408746242523,211.0,1.074,0.0,0.474,0.0,1.0,0.0,209.0,1.074,0.0,0.474,0.0,0.984220027923584,0.01578001119196415,54.0,0.8011359,0.19886409,1.0,0.0,0.98422,0.015780011,0.7449683544303798
