0.905,0.0,0.135,0.0,0.451,0.0,0.066,0.0,0.0,0.0,0.0,0.0,0.8815489749430524,0.905,0.0,0.135,0.0,0.451,0.0,0.066,0.0,0.0,0.0,0.0,0.0,0.199203187250996,0.905,0.0,0.135,0.0,0.451,0.0,0.066,0.0,0.0,0.0,0.0,0.0,0.898876404494382,0.41350412,0.0,0.40144497,0.18505092,0.47314477,0.14421412,0.37875462,0.003886459,0.45141616,0.091637336,0.41515556,0.041790944,0.6486430367504836,0.6486430367504836,0.6486430367504836
0.904,0.0,0.144,0.0,0.45,0.0,0.069,0.0,0.3894355893135071,0.2200886309146881,0.3494296669960022,0.041046056896448135,0.8861047835990888,0.904,0.0,0.144,0.0,0.45,0.0,0.069,0.0,0.2921449840068817,0.23444464802742004,0.3691957890987396,0.104214608669281,0.199203187250996,0.904,0.0,0.144,0.0,0.45,0.0,0.069,0.0,0.37463557720184326,0.15045210719108582,0.3642077147960663,0.11070454865694046,0.898876404494382,0.3894356,0.22008863,0.34942967,0.041046057,0.29214498,0.23444465,0.3691958,0.10421461,0.37463558,0.1504521,0.3642077,0.11070455,0.7606029869404831,0.7762385250416795,0.8179262043324509
1.045,0.0,0.0,0.0,0.52,0.0,0.0,0.0,0.4926891326904297,0.002779057016596198,0.36878910660743713,0.13574273884296417,0.8906605922551253,1.045,0.0,0.0,0.0,0.52,0.0,0.0,0.0,0.49119433760643005,0.0,0.46077170968055725,0.0480339489877224,0.199203187250996,1.045,0.0,0.0,0.0,0.52,0.0,0.0,0.0,0.5300031900405884,0.0,0.432984858751297,0.03701194375753403,0.8876404494382022,0.49268913,0.002779057,0.3687891,0.13574274,0.49119434,0.0,0.4607717,0.04803395,0.5300032,0.0,0.43298486,0.037011944,0.836720399067952,0.8298663715582627,0.8614971856337327
0.906,0.0,0.147,0.0,0.45,0.0,0.072,0.0,0.42011892795562744,0.10220444202423096,0.3511033058166504,0.12657329440116882,0.8952164009111617,0.906,0.0,0.147,0.0,0.45,0.0,0.072,0.0,0.4147026240825653,0.13214699923992157,0.3516608774662018,0.10148955881595612,0.199203187250996,0.906,0.0,0.147,0.0,0.45,0.0,0.072,0.0,0.49885961413383484,0.09960567206144333,0.40153470635414124,0.0,0.8876404494382022,0.42011893,0.10220444,0.3511033,0.1265733,0.41470262,0.132147,0.35166088,0.10148956,0.4988596,0.09960567,0.4015347,0.0,0.8088695020075503,0.7957808554764452,0.8087973863478365
0.792,0.0,0.26,0.0,0.395,0.0,0.128,0.0,0.4994928538799286,0.09878700971603394,0.4017201066017151,0.0,0.8997722095671982,0.792,0.0,0.26,0.0,0.395,0.0,0.128,0.0,0.4485311210155487,0.0,0.4630522131919861,0.08841665834188461,0.199203187250996,0.792,0.0,0.26,0.0,0.395,0.0,0.128,0.0,0.2562623620033264,0.0,0.5003595948219299,0.24337804317474365,0.8764044943820225,0.49949285,0.09878701,0.4017201,0.0,0.44853112,0.0,0.4630522,0.08841666,0.25626236,0.0,0.5003596,0.24337804,0.7980137988743317,0.7957843169388306,0.7512918993649018
0.258,0.0,0.795,0.0,0.128,0.0,0.397,0.0,0.40378326177597046,0.06895072758197784,0.45766016840934753,0.06960584223270416,0.9043280182232346,0.258,0.0,0.795,0.0,0.128,0.0,0.397,0.0,0.4645932614803314,0.10273555666208267,0.41022422909736633,0.02244693413376808,0.199203187250996,0.258,0.0,0.795,0.0,0.128,0.0,0.397,0.0,0.5625381469726562,0.0,0.43746182322502136,0.0,0.8764044943820225,0.40378326,0.06895073,0.45766017,0.06960584,0.46459326,0.10273556,0.41022423,0.022446934,0.56253815,0.0,0.43746182,0.0,0.8103627345869882,0.8075523487637384,0.7261362574408395
0.258,0.0,0.8,0.0,0.127,0.0,0.399,0.0,0.42549487948417664,0.00029914191691204906,0.4424471855163574,0.13175879418849945,0.908883826879271,0.258,0.0,0.8,0.0,0.127,0.0,0.399,0.0,0.3960096836090088,0.15866145491600037,0.3046867847442627,0.14064207673072815,0.199203187250996,0.258,0.0,0.8,0.0,0.127,0.0,0.399,0.0,0.4605160653591156,0.10031621903181076,0.32401415705680847,0.11515355855226517,0.8651685393258427,0.42549488,0.00029914192,0.4424472,0.1317588,0.39600968,0.15866145,0.30468678,0.14064208,0.46051607,0.10031622,0.32401416,0.11515356,0.8211825211851316,0.801365097364636,0.8025817324726301
0.258,0.0,0.804,0.0,0.127,0.0,0.401,0.0,0.3727036416530609,0.0918431505560875,0.4006790518760681,0.1347741335630417,0.9134396355353075,0.258,0.0,0.804,0.0,0.127,0.0,0.401,0.0,0.49510636925697327,0.0,0.31750935316085815,0.18738426268100739,0.199203187250996,0.258,0.0,0.804,0.0,0.127,0.0,0.401,0.0,0.5580236315727234,0.05705413594841957,0.38492217659950256,0.0,0.8651685393258427,0.37270364,0.09184315,0.40067905,0.13477413,0.49510637,0.0,0.31750935,0.18738426,0.55802363,0.057054136,0.38492218,0.0,0.8120255779201334,0.7851785998517817,0.8025817583972757
0.903,0.0,0.162,0.0,0.45,0.0,0.079,0.0,0.5565555691719055,0.0049966792576014996,0.4384477734565735,0.0,0.9179954441913439,0.903,0.0,0.162,0.0,0.45,0.0,0.079,0.0,0.31345486640930176,0.10890106856822968,0.554275393486023,0.023368703201413155,0.199203187250996,0.903,0.0,0.162,0.0,0.45,0.0,0.079,0.0,0.5073956251144409,0.10324247926473618,0.34734463691711426,0.04201718792319298,0.8539325842696629,0.55655557,0.0049966793,0.43844777,0.0,0.31345487,0.10890107,0.5542754,0.023368703,0.5073956,0.10324248,0.34734464,0.042017188,0.7751012894839555,0.7539356443614275,0.8283908579081805
0.905,0.0,0.166,0.0,0.45,0.0,0.08,0.0,0.5198362469673157,0.05390691012144089,0.3419104814529419,0.08434629440307617,0.9225512528473804,0.905,0.0,0.166,0.0,0.45,0.0,0.08,0.0,0.45273852348327637,0.1305132359266281,0.41385090351104736,0.002897305181249976,0.199203187250996,0.905,0.0,0.166,0.0,0.45,0.0,0.08,0.0,0.5873703360557556,0.02847561053931713,0.3841540217399597,0.0,0.8426966292134831,0.51983625,0.05390691,0.34191048,0.084346294,0.45273852,0.13051324,0.4138509,0.0028973052,0.58737034,0.02847561,0.38415402,0.0,0.8100226303683586,0.792467751179821,0.8166476627932855
0.904,0.0,0.17,0.0,0.45,0.0,0.082,0.0,0.5018668174743652,0.0,0.37437981367111206,0.12375330179929733,0.9248291571753986,0.904,0.0,0.17,0.0,0.45,0.0,0.082,0.0,0.4955919086933136,0.14976263046264648,0.3546454608440399,0.0,0.20318725099601595,0.904,0.0,0.17,0.0,0.45,0.0,0.082,0.0,0.28328219056129456,0.19743753969669342,0.5192802548408508,0.0,0.8426966292134831,0.5018668,0.0,0.3743798,0.1237533,0.4955919,0.14976263,0.35464546,0.0,0.2832822,0.19743754,0.51928025,0.0,0.827075957755935,0.8249565447377083,0.7270034636067269
0.253,0.0,0.818,0.0,0.125,0.0,0.408,0.0,0.47718775272369385,0.0,0.5228123068809509,0.0,0.929384965831435,0.253,0.0,0.818,0.0,0.125,0.0,0.408,0.0,0.5054221749305725,0.017354702576994896,0.2989318072795868,0.17829138040542603,0.20318725099601595,0.253,0.0,0.818,0.0,0.125,0.0,0.408,0.0,0.5450142621994019,0.10766508430242538,0.31056663393974304,0.03675403073430061,0.8314606741573034,0.47718775,0.0,0.5228123,0.0,0.5054222,0.017354703,0.2989318,0.17829138,0.54501426,0.107665084,0.31056663,0.03675403,0.7892713741982409,0.7773278193200059,0.7439515428269334
0.173,0.0,0.903,0.0,0.084,0.0,0.45,0.0,0.3393361270427704,0.07771889120340347,0.5817157626152039,0.0012292576720938087,0.9339407744874715,0.173,0.0,0.903,0.0,0.084,0.0,0.45,0.0,0.4323101043701172,0.0025504727382212877,0.44271552562713623,0.12242385745048523,0.20318725099601595,0.173,0.0,0.903,0.0,0.084,0.0,0.45,0.0,0.5192999243736267,0.0,0.4285461902618408,0.05215391144156456,0.8202247191011236,0.33933613,0.07771889,0.58171576,0.0012292577,0.4323101,0.0025504727,0.44271553,0.12242386,0.5192999,0.0,0.4285462,0.05215391,0.7935003609635858,0.7911275238969353,0.801449188707116
0.254,0.0,0.824,0.0,0.125,0.0,0.411,0.0,0.3664582073688507,0.07614846527576447,0.5573933124542236,0.0,0.9362186788154897,0.254,0.0,0.824,0.0,0.125,0.0,0.411,0.0,0.4630649983882904,0.10279318690299988,0.37448087334632874,0.059660881757736206,0.20717131474103587,0.254,0.0,0.824,0.0,0.125,0.0,0.411,0.0,0.4782298505306244,0.1594080775976181,0.3064173758029938,0.05594474449753761,0.8202247191011236,0.3664582,0.076148465,0.5573933,0.0,0.463065,0.10279319,0.37448087,0.05966088,0.47822985,0.15940808,0.30641738,0.055944744,0.8377944514516574,0.808546198940633,0.7848800525430424
0.827,0.0,0.25,0.0,0.413,0.0,0.124,0.0,0.5515435934066772,0.026856638491153717,0.2962813377380371,0.12531842291355133,0.9407744874715261,0.827,0.0,0.25,0.0,0.413,0.0,0.124,0.0,0.3213854730129242,0.11431047320365906,0.4420793950557709,0.12222473323345184,0.20717131474103587,0.827,0.0,0.25,0.0,0.413,0.0,0.124,0.0,0.33781012892723083,0.044116899371147156,0.4915120303630829,0.12656092643737793,0.8089887640449438,0.5515436,0.026856638,0.29628134,0.12531842,0.32138547,0.11431047,0.4420794,0.12222473,0.33781013,0.0441169,0.49151203,0.12656093,0.7442018581582182,0.7919748378945463,0.7746087862206571
0.832,0.0,0.106,0.143,0.415,0.0,0.052,0.071,0.42248308658599854,0.16553343832492828,0.29777655005455017,0.11420691013336182,0.9453302961275627,0.832,0.0,0.106,0.143,0.415,0.0,0.052,0.071,0.44296830892562866,0.06097555160522461,0.49605613946914673,0.0,0.20717131474103587,0.832,0.0,0.106,0.143,0.415,0.0,0.052,0.071,0.31106749176979065,0.05710186809301376,0.3034944534301758,0.3283361494541168,0.797752808988764,0.4224831,0.16553344,0.29777655,0.11420691,0.4429683,0.06097555,0.49605614,0.0,0.3110675,0.057101868,0.30349445,0.32833615,0.718173706838544,0.7247545304984409,0.692934334585126
0.184,0.0,0.903,0.0,0.09,0.0,0.45,0.0,0.31202712655067444,0.009465007111430168,0.494608074426651,0.18389984965324402,0.9476082004555809,0.184,0.0,0.903,0.0,0.09,0.0,0.45,0.0,0.31583496928215027,0.1652955859899521,0.4881705939769745,0.03069879859685898,0.21115537848605578,0.184,0.0,0.903,0.0,0.09,0.0,0.45,0.0,0.3838441073894501,0.1277265101671219,0.36445367336273193,0.1239757090806961,0.797752808988764,0.31202713,0.009465007,0.49460807,0.18389985,0.31583497,0.16529559,0.4881706,0.030698799,0.3838441,0.12772651,0.36445367,0.12397571,0.769909612473382,0.7977888863648308,0.766898046072854
0.904,0.0,0.187,0.0,0.45,0.0,0.091,0.0,0.4704446792602539,0.02054099179804325,0.44908514618873596,0.05992922931909561,0.9521640091116174,0.904,0.0,0.187,0.0,0.45,0.0,0.091,0.0,0.40996313095092773,0.12852808833122253,0.3788892924785614,0.08261948078870773,0.21115537848605578,0.904,0.0,0.187,0.0,0.45,0.0,0.091,0.0,0.45463961362838745,0.0,0.5332130193710327,0.012147367000579834,0.7865168539325843,0.47044468,0.020540992,0.44908515,0.05992923,0.40996313,0.12852809,0.3788893,0.08261948,0.4546396,0.0,0.533213,0.012147367,0.7852729974004566,0.8049274978849231,0.781136280080968
0.905,0.0,0.19,0.0,0.45,0.0,0.092,0.0,0.39104118943214417,0.0,0.3905640244483948,0.21839480102062225,0.9544419134396356,0.905,0.0,0.19,0.0,0.45,0.0,0.092,0.0,0.5231826305389404,0.15625925362110138,0.29922229051589966,0.021335875615477562,0.2151394422310757,0.905,0.0,0.19,0.0,0.45,0.0,0.092,0.0,0.5407612323760986,0.06010586395859718,0.3991328775882721,0.0,0.7752808988764045,0.3910412,0.0,0.39056402,0.2183948,0.52318263,0.15625925,0.2992223,0.021335876,0.54076123,0.060105864,0.39913288,0.0,0.7852515971778503,0.8033500230430237,0.7950057661651245
0.904,0.0,0.192,0.0,0.45,0.0,0.093,0.0,0.3891504108905792,0.12343009561300278,0.2958987355232239,0.19152069091796875,0.9567198177676538,0.904,0.0,0.192,0.0,0.45,0.0,0.093,0.0,0.42419371008872986,0.09122464805841446,0.33021080493927,0.15437085926532745,0.2151394422310757,0.904,0.0,0.192,0.0,0.45,0.0,0.093,0.0,0.3373757600784302,0.15529821813106537,0.3501661717891693,0.15715990960597992,0.7752808988764045,0.3891504,0.123430096,0.29589874,0.19152069,0.4241937,0.09122465,0.3302108,0.15437086,0.33737576,0.15529822,0.35016617,0.15715991,0.799266912031042,0.7954249545811289,0.7672847613571757
1.095,0.0,0.0,0.0,0.545,0.0,0.0,0.0,0.529330313205719,0.11096059530973434,0.35970908403396606,0.0,0.9612756264236902,1.095,0.0,0.0,0.0,0.545,0.0,0.0,0.0,0.43332532048225403,0.09578118473291397,0.3064430356025696,0.16445046663284302,0.21912350597609562,1.095,0.0,0.0,0.0,0.545,0.0,0.0,0.0,0.5219599604606628,0.03738221526145935,0.35293006896972656,0.08772774785757065,0.7640449438202247,0.5293303,0.110960595,0.35970908,0.0,0.43332532,0.095781185,0.30644304,0.16445047,0.52195996,0.037382215,0.35293007,0.08772775,0.8470362190456566,0.914137387678164,0.8498108152599511
0.196,0.0,0.902,0.0,0.095,0.0,0.45,0.0,0.356809139251709,0.12526100873947144,0.4738786220550537,0.044051285833120346,0.9635535307517085,0.196,0.0,0.902,0.0,0.095,0.0,0.45,0.0,0.33972278237342834,0.0,0.4400094747543335,0.22026772797107697,0.21912350597609562,0.196,0.0,0.902,0.0,0.095,0.0,0.45,0.0,0.6399176120758057,0.0,0.3600824177265167,0.0,0.7528089887640449,0.35680914,0.12526101,0.47387862,0.044051286,0.33972278,0.0,0.44000947,0.22026773,0.6399176,0.0,0.36008242,0.0,0.7796327230789465,0.7952146169998449,0.8014581320144933
0.198,0.0,0.904,0.0,0.096,0.0,0.45,0.0,0.30164724588394165,0.06814426928758621,0.41909873485565186,0.2111097127199173,0.9658314350797267,0.198,0.0,0.904,0.0,0.096,0.0,0.45,0.0,0.23427484929561615,0.20966950058937073,0.5560556650161743,0.0,0.22310756972111553,0.198,0.0,0.904,0.0,0.096,0.0,0.45,0.0,0.4877271056175232,0.09682664275169373,0.3474993109703064,0.06794694066047668,0.7415730337078652,0.30164725,0.06814427,0.41909873,0.21110971,0.23427485,0.2096695,0.55605567,0.0,0.4877271,0.09682664,0.3474993,0.06794694,0.7818156417244084,0.7605319198005802,0.787762808405698
0.25,0.0,0.852,0.0,0.123,0.0,0.425,0.0,0.2660043239593506,0.12003905326128006,0.5061432123184204,0.10781344026327133,0.9681093394077449,0.25,0.0,0.852,0.0,0.123,0.0,0.425,0.0,0.5018206834793091,0.04430631175637245,0.3608042597770691,0.09306877851486206,0.22709163346613545,0.25,0.0,0.852,0.0,0.123,0.0,0.425,0.0,0.4780946969985962,0.17503400146961212,0.3209919035434723,0.025879355147480965,0.7415730337078652,0.26600432,0.12003905,0.5061432,0.10781344,0.5018207,0.04430631,0.36080426,0.09306878,0.4780947,0.175034,0.3209919,0.025879355,0.8073249216742759,0.7416251029439216,0.817360487169767
0.248,0.0,0.856,0.0,0.122,0.0,0.427,0.0,0.29711487889289856,0.07037251442670822,0.4340915381908417,0.19842104613780975,0.9726651480637813,0.248,0.0,0.856,0.0,0.122,0.0,0.427,0.0,0.4276948869228363,0.0,0.41144871711730957,0.16085635125637054,0.22709163346613545,0.248,0.0,0.856,0.0,0.122,0.0,0.427,0.0,0.47570425271987915,0.0,0.3926747441291809,0.1316210776567459,0.7303370786516854,0.29711488,0.070372514,0.43409154,0.19842105,0.4276949,0.0,0.41144872,0.16085635,0.47570425,0.0,0.39267474,0.13162108,0.8124004002731355,0.8189931240003618,0.7786298420351061
0.248,0.0,0.858,0.0,0.122,0.0,0.428,0.0,0.3877786099910736,0.0,0.4765227138996124,0.13569864630699158,0.9749430523917996,0.248,0.0,0.858,0.0,0.122,0.0,0.428,0.0,0.4791082441806793,0.029403679072856903,0.373035192489624,0.11845287680625916,0.23107569721115537,0.248,0.0,0.858,0.0,0.122,0.0,0.428,0.0,0.3615622818470001,0.15553487837314606,0.33500340580940247,0.14789944887161255,0.7191011235955056,0.3877786,0.0,0.4765227,0.13569865,0.47910824,0.02940368,0.3730352,0.11845288,0.36156228,0.15553488,0.3350034,0.14789945,0.8123779621061845,0.8280781116423173,0.7864295031961961
0.903,0.0,0.206,0.0,0.45,0.0,0.101,0.0,0.5768862962722778,0.11688276380300522,0.30623096227645874,0.0,0.9772209567198178,0.903,0.0,0.206,0.0,0.45,0.0,0.101,0.0,0.43945613503456116,0.13349148631095886,0.42705240845680237,0.0,0.2350597609561753,0.903,0.0,0.206,0.0,0.45,0.0,0.101,0.0,0.4545239806175232,0.0030022701248526573,0.5424737334251404,0.0,0.7078651685393258,0.5768863,0.116882764,0.30623096,0.0,0.43945614,0.13349149,0.4270524,0.0,0.45452398,0.0030022701,0.54247373,0.0,0.7729993029829811,0.8012612267729591,0.7656542464491676
0.211,0.0,0.906,0.0,0.103,0.0,0.45,0.0,0.3931383192539215,0.009159167297184467,0.5623645782470703,0.03533795848488808,0.979498861047836,0.211,0.0,0.906,0.0,0.103,0.0,0.45,0.0,0.3601534962654114,0.09367885440587997,0.3784545063972473,0.16771310567855835,0.23904382470119523,0.211,0.0,0.906,0.0,0.103,0.0,0.45,0.0,0.3528972268104553,0.09180545806884766,0.3692302405834198,0.1860671490430832,0.7078651685393258,0.39313832,0.009159167,0.5623646,0.03533796,0.3601535,0.093678854,0.3784545,0.1677131,0.35289723,0.09180546,0.36923024,0.18606715,0.7461846187112129,0.7815528228280342,0.7742112054822242
0.212,0.0,0.904,0.0,0.103,0.0,0.45,0.0,0.45061248540878296,0.0010229726321995258,0.49139249324798584,0.05697208642959595,0.9817767653758542,0.212,0.0,0.904,0.0,0.103,0.0,0.45,0.0,0.4314557611942291,0.0,0.5685442090034485,0.0,0.23904382470119523,0.212,0.0,0.904,0.0,0.103,0.0,0.45,0.0,0.41468384861946106,0.06002257019281387,0.306666761636734,0.21862679719924927,0.6966292134831461,0.4506125,0.0010229726,0.4913925,0.056972086,0.43145576,0.0,0.5685442,0.0,0.41468385,0.06002257,0.30666676,0.2186268,0.8202503160907821,0.7726032690479354,0.8236137585117416
0.866,0.0,0.247,0.0,0.432,0.0,0.122,0.0,0.505063533782959,0.0,0.49493643641471863,0.0,0.9840546697038725,0.866,0.0,0.247,0.0,0.432,0.0,0.122,0.0,0.30014175176620483,0.24574440717697144,0.36088109016418457,0.09323274344205856,0.24302788844621515,0.866,0.0,0.247,0.0,0.432,0.0,0.122,0.0,0.33115077018737793,0.23762372136116028,0.38118165731430054,0.050043825060129166,0.6853932584269663,0.50506353,0.0,0.49493644,0.0,0.30014175,0.2457444,0.3608811,0.09323274,0.33115077,0.23762372,0.38118166,0.050043825,0.8258557502657067,0.7503468219667566,0.7776041213899743
0.903,0.0,0.213,0.0,0.45,0.0,0.104,0.0,0.5094521045684814,0.017276747152209282,0.43236979842185974,0.0409013032913208,0.9840546697038725,0.903,0.0,0.213,0.0,0.45,0.0,0.104,0.0,0.3853410482406616,0.11857840418815613,0.2603335678577423,0.23574693500995636,0.24701195219123506,0.903,0.0,0.213,0.0,0.45,0.0,0.104,0.0,0.30332955718040466,0.08914849162101746,0.5386185050010681,0.06890347599983215,0.6741573033707865,0.5094521,0.017276747,0.4323698,0.040901303,0.38534105,0.118578404,0.26033357,0.23574694,0.30332956,0.08914849,0.5386185,0.068903476,0.8236146805429287,0.7916356561326809,0.7856665966653652
0.904,0.0,0.216,0.0,0.45,0.0,0.105,0.0,0.6023067831993103,0.0,0.3458866775035858,0.05180652067065239,0.9863325740318907,0.904,0.0,0.216,0.0,0.45,0.0,0.105,0.0,0.4581689238548279,0.0876411721110344,0.4171316623687744,0.037058278918266296,0.250996015936255,0.904,0.0,0.216,0.0,0.45,0.0,0.105,0.0,0.4313909113407135,0.0,0.5686091184616089,0.0,0.6629213483146067,0.6023068,0.0,0.34588668,0.05180652,0.45816892,0.08764117,0.41713166,0.03705828,0.4313909,0.0,0.5686091,0.0,0.8114973177368576,0.7691637267525131,0.7974146475250656
0.87,0.0,0.248,0.0,0.434,0.0,0.122,0.0,0.5900348424911499,0.08760735392570496,0.32235780358314514,0.0,0.9886104783599089,0.87,0.0,0.248,0.0,0.434,0.0,0.122,0.0,0.2991497814655304,0.07844904065132141,0.4110664427280426,0.2113347053527832,0.2549800796812749,0.87,0.0,0.248,0.0,0.434,0.0,0.122,0.0,0.4011503756046295,0.09968628734350204,0.42243272066116333,0.0767306461930275,0.651685393258427,0.59003484,0.087607354,0.3223578,0.0,0.29914978,0.07844904,0.41106644,0.2113347,0.40115038,0.09968629,0.42243272,0.076730646,0.8136005836095741,0.7789329546060494,0.7901729660596779
0.22,0.0,0.905,0.0,0.108,0.0,0.45,0.0,0.34297627210617065,0.08236958831548691,0.47153034806251526,0.10312385857105255,0.9908883826879271,0.22,0.0,0.905,0.0,0.108,0.0,0.45,0.0,0.41901156306266785,0.0,0.47390300035476685,0.10708532482385635,0.2589641434262948,0.22,0.0,0.905,0.0,0.108,0.0,0.45,0.0,0.3755147457122803,0.17075079679489136,0.4537343680858612,0.0,0.651685393258427,0.34297627,0.08236959,0.47153035,0.10312386,0.41901156,0.0,0.473903,0.107085325,0.37551475,0.1707508,0.45373437,0.0,0.7498168944266534,0.8006956099417901,0.8179480641034341
0.222,0.0,0.904,0.0,0.108,0.0,0.45,0.0,0.442440390586853,0.0,0.474831759929657,0.08272787928581238,0.9908883826879271,0.222,0.0,0.904,0.0,0.108,0.0,0.45,0.0,0.38385987281799316,0.05234105512499809,0.42494961619377136,0.1388494372367859,0.26294820717131473,0.222,0.0,0.904,0.0,0.108,0.0,0.45,0.0,0.42043015360832214,0.05571990832686424,0.3662671744823456,0.15758278965950012,0.6404494382022472,0.4424404,0.0,0.47483176,0.08272788,0.38385987,0.052341055,0.42494962,0.13884944,0.42043015,0.05571991,0.36626717,0.15758279,0.808853599919555,0.8277028252618288,0.7856061314480279
0.25,0.0,0.874,0.0,0.123,0.0,0.436,0.0,0.33663511276245117,0.19547325372695923,0.4678916037082672,0.0,0.9931662870159453,0.25,0.0,0.874,0.0,0.123,0.0,0.436,0.0,0.589110255241394,0.033839091658592224,0.3731043338775635,0.00394632201641798,0.26693227091633465,0.25,0.0,0.874,0.0,0.123,0.0,0.436,0.0,0.4176580011844635,0.22317393124103546,0.35916805267333984,0.0,0.6292134831460674,0.3366351,0.19547325,0.4678916,0.0,0.58911026,0.03383909,0.37310433,0.003946322,0.417658,0.22317393,0.35916805,0.0,0.7704542584376599,0.7665434069590833,0.7816619522528913
0.25,0.0,0.876,0.0,0.123,0.0,0.437,0.0,0.3663747012615204,0.0,0.5470808148384094,0.08654449880123138,0.9954441913439636,0.25,0.0,0.876,0.0,0.123,0.0,0.437,0.0,0.5054834485054016,0.0,0.44342702627182007,0.05108948051929474,0.27091633466135456,0.25,0.0,0.876,0.0,0.123,0.0,0.437,0.0,0.37319374084472656,0.15136119723320007,0.3109138309955597,0.1645311415195465,0.6179775280898876,0.3663747,0.0,0.5470808,0.0865445,0.50548345,0.0,0.44342703,0.05108948,0.37319374,0.1513612,0.31091383,0.16453114,0.7704542699377878,0.8151928487341744,0.7828311148207528
0.0,0.0,1.124,0.0,0.0,0.0,0.56,0.0,0.3092896640300751,0.08786305785179138,0.4032493531703949,0.19959788024425507,0.9954441913439636,0.0,0.0,1.124,0.0,0.0,0.0,0.56,0.0,0.4609503746032715,0.05982290580868721,0.4792267382144928,0.0,0.2749003984063745,0.0,0.0,1.124,0.0,0.0,0.0,0.56,0.0,0.4123721718788147,0.0,0.5226919651031494,0.06493585556745529,0.6067415730337079,0.30928966,0.08786306,0.40324935,0.19959788,0.46095037,0.059822906,0.47922674,0.0,0.41237217,0.0,0.52269197,0.064935856,0.8661131296185085,0.8997165519622394,0.8389344606426784
0.902,0.0,0.228,0.0,0.45,0.0,0.111,0.0,0.4326269328594208,0.0,0.32840436697006226,0.2389686405658722,0.9977220956719818,0.902,0.0,0.228,0.0,0.45,0.0,0.111,0.0,0.4251842796802521,0.008498731069266796,0.4675827622413635,0.09873420745134354,0.2788844621513944,0.902,0.0,0.228,0.0,0.45,0.0,0.111,0.0,0.47998303174972534,0.16089880466461182,0.2809275686740875,0.07819058746099472,0.5955056179775281,0.43262693,0.0,0.32840437,0.23896864,0.42518428,0.008498731,0.46758276,0.09873421,0.47998303,0.1608988,0.28092757,0.07819059,0.799306536318529,0.80914776086973,0.7519356852786425
0.227,0.0,0.904,0.0,0.111,0.0,0.45,0.0,0.4149918556213379,0.0,0.5598125457763672,0.02519560605287552,0.9977220956719818,0.227,0.0,0.904,0.0,0.111,0.0,0.45,0.0,0.48684877157211304,0.0,0.43088191747665405,0.0822693482041359,0.28286852589641437,0.227,0.0,0.904,0.0,0.111,0.0,0.45,0.0,0.2802438735961914,0.13317200541496277,0.40418967604637146,0.18239443004131317,0.5842696629213483,0.41499186,0.0,0.55981255,0.025195606,0.48684877,0.0,0.43088192,0.08226935,0.28024387,0.133172,0.40418968,0.18239443,0.756077102809029,0.8239745775748064,0.7687447110701373
0.23,0.0,0.903,0.0,0.112,0.0,0.45,0.0,0.4014432430267334,0.018886703997850418,0.47678112983703613,0.10288897901773453,0.9977220956719818,0.23,0.0,0.903,0.0,0.112,0.0,0.45,0.0,0.39381247758865356,0.15754419565200806,0.42697641253471375,0.021666916087269783,0.2868525896414343,0.23,0.0,0.903,0.0,0.112,0.0,0.45,0.0,0.3750792145729065,0.12981395423412323,0.3459070324897766,0.14919979870319366,0.5842696629213483,0.40144324,0.018886704,0.47678113,0.10288898,0.39381248,0.1575442,0.4269764,0.021666916,0.3750792,0.12981395,0.34590703,0.1491998,0.8154278250833423,0.7856227131982716,0.8107062550683888
0.906,0.0,0.231,0.0,0.45,0.0,0.113,0.0,0.48172616958618164,0.07449506223201752,0.2606731951236725,0.18310555815696716,1.0,0.906,0.0,0.231,0.0,0.45,0.0,0.113,0.0,0.4418429732322693,0.15026746690273285,0.3969634473323822,0.010926134884357452,0.2908366533864542,0.906,0.0,0.231,0.0,0.45,0.0,0.113,0.0,0.5025230646133423,0.15383639931678772,0.34364053606987,0.0,0.5730337078651685,0.48172617,0.07449506,0.2606732,0.18310556,0.44184297,0.15026747,0.39696345,0.010926135,0.50252306,0.1538364,0.34364054,0.0,0.7621951032016883,0.8294260788295874,0.7889583576057562
0.252,0.0,0.88,0.0,0.124,0.0,0.439,0.0,0.3883841037750244,0.052918072789907455,0.46697190403938293,0.09172598272562027,1.0,0.252,0.0,0.88,0.0,0.124,0.0,0.439,0.0,0.4666384160518646,0.004151762463152409,0.3783029615879059,0.15090683102607727,0.2948207171314741,0.252,0.0,0.88,0.0,0.124,0.0,0.439,0.0,0.6160602569580078,0.0,0.3839397132396698,0.0,0.5617977528089888,0.3883841,0.052918073,0.4669719,0.09172598,0.46663842,0.0041517625,0.37830296,0.15090683,0.61606026,0.0,0.3839397,0.0,0.7661241221175524,0.7901973235354753,0.7871090459571215
0.231,0.0,0.903,0.0,0.113,0.0,0.45,0.0,0.3180394172668457,0.0516582690179348,0.4595647156238556,0.17073757946491241,1.0,0.231,0.0,0.903,0.0,0.113,0.0,0.45,0.0,0.36426007747650146,0.08300033956766129,0.48515909910202026,0.0675804391503334,0.29880478087649404,0.231,0.0,0.903,0.0,0.113,0.0,0.45,0.0,0.4666631817817688,0.0,0.4146018326282501,0.1187349334359169,0.550561797752809,0.31803942,0.05165827,0.45956472,0.17073758,0.36426008,0.08300034,0.4851591,0.06758044,0.46666318,0.0,0.41460183,0.11873493,0.8170368355493987,0.8058990192394697,0.78888264417462
0.906,0.0,0.053,0.177,0.45,0.0,0.025,0.088,0.44731175899505615,0.17345252633094788,0.18768984079360962,0.19154582917690277,1.0,0.906,0.0,0.053,0.177,0.45,0.0,0.025,0.088,0.46078264713287354,0.06583942472934723,0.2621156573295593,0.2112623006105423,0.30278884462151395,0.906,0.0,0.053,0.177,0.45,0.0,0.025,0.088,0.5426172614097595,0.0,0.4125485420227051,0.04483415558934212,0.5393258426966292,0.44731176,0.17345253,0.18768984,0.19154583,0.46078265,0.065839425,0.26211566,0.2112623,0.54261726,0.0,0.41254854,0.044834156,0.6648893928742959,0.68442196609741,0.7432577109551981
0.904,0.0,0.233,0.0,0.45,0.0,0.114,0.0,0.4461289942264557,0.1167491003870964,0.4143829643726349,0.022738907486200333,1.0,0.904,0.0,0.233,0.0,0.45,0.0,0.114,0.0,0.4577229619026184,0.0,0.5422769784927368,0.0,0.3107569721115538,0.904,0.0,0.233,0.0,0.45,0.0,0.114,0.0,0.46760720014572144,0.029095731675624847,0.29781821370124817,0.20547890663146973,0.5280898876404494,0.446129,0.1167491,0.41438296,0.022738907,0.45772296,0.0,0.542277,0.0,0.4676072,0.029095732,0.2978182,0.2054789,0.7579631761003048,0.736575897066644,0.7843825236249478
0.233,0.0,0.904,0.0,0.114,0.0,0.45,0.0,0.37077805399894714,0.05697966739535332,0.4979032874107361,0.07433904707431793,1.0,0.233,0.0,0.904,0.0,0.114,0.0,0.45,0.0,0.4440194368362427,0.09462619572877884,0.4310489594936371,0.030305420979857445,0.3147410358565737,0.233,0.0,0.904,0.0,0.114,0.0,0.45,0.0,0.3974459767341614,0.005592002533376217,0.4137747883796692,0.18318717181682587,0.5168539325842697,0.37077805,0.056979667,0.4979033,0.07433905,0.44401944,0.094626196,0.43104896,0.030305421,0.39744598,0.0055920025,0.4137748,0.18318717,0.8152322963166745,0.8041492179322751,0.8022577956605466
0.904,0.0,0.233,0.0,0.45,0.0,0.114,0.0,0.39350083470344543,0.03557801991701126,0.3593567907810211,0.21156439185142517,1.0,0.904,0.0,0.233,0.0,0.45,0.0,0.114,0.0,0.5491718649864197,0.0,0.3633383810520172,0.0874897763133049,0.3187250996015936,0.904,0.0,0.233,0.0,0.45,0.0,0.114,0.0,0.47327470779418945,0.0,0.5267252922058105,0.0,0.5056179775280899,0.39350083,0.03557802,0.3593568,0.21156439,0.54917186,0.0,0.36333838,0.08748978,0.4732747,0.0,0.5267253,0.0,0.793221826880029,0.8065794542718441,0.7753655568051846
0.233,0.0,0.904,0.0,0.114,0.0,0.45,0.0,0.42266571521759033,0.05635272338986397,0.5209815502166748,0.0,1.0,0.233,0.0,0.904,0.0,0.114,0.0,0.45,0.0,0.2988477051258087,0.0,0.6384908556938171,0.06266144663095474,0.32270916334661354,0.233,0.0,0.904,0.0,0.114,0.0,0.45,0.0,0.42768993973731995,0.11659979075193405,0.25456592440605164,0.20114447176456451,0.4943820224719101,0.42266572,0.056352723,0.52098155,0.0,0.2988477,0.0,0.63849086,0.06266145,0.42768994,0.11659979,0.25456592,0.20114447,0.7640146687913449,0.7385794356751949,0.7397766784120113
0.256,0.0,0.88,0.0,0.126,0.0,0.439,0.0,0.37751513719558716,0.12281082570552826,0.498325377702713,0.0013486630050465465,1.0,0.256,0.0,0.88,0.0,0.126,0.0,0.439,0.0,0.4445594549179077,0.15083014965057373,0.37203893065452576,0.03257147595286369,0.33067729083665337,0.256,0.0,0.88,0.0,0.126,0.0,0.439,0.0,0.5175168514251709,0.04101630300283432,0.4245908558368683,0.016875991597771645,0.48314606741573035,0.37751514,0.122810826,0.49832538,0.001348663,0.44455945,0.15083015,0.37203893,0.032571476,0.51751685,0.041016303,0.42459086,0.016875992,0.8220603859022022,0.7420628583028674,0.7749362384870411
0.903,0.0,0.234,0.0,0.45,0.0,0.115,0.0,0.43136870861053467,0.0,0.4179919958114624,0.15063929557800293,1.0,0.903,0.0,0.234,0.0,0.45,0.0,0.115,0.0,0.43065187335014343,0.20419293642044067,0.3651551902294159,0.0,0.3346613545816733,0.903,0.0,0.234,0.0,0.45,0.0,0.115,0.0,0.4207315146923065,0.0,0.49926820397377014,0.08000024408102036,0.47191011235955055,0.4313687,0.0,0.417992,0.1506393,0.43065187,0.20419294,0.3651552,0.0,0.4207315,0.0,0.4992682,0.080000244,0.7889263118989489,0.8272974516637347,0.8099284316785357
0.237,0.0,0.906,0.0,0.116,0.0,0.45,0.0,0.42430374026298523,0.0,0.5650616884231567,0.010634527541697025,1.0,0.237,0.0,0.906,0.0,0.116,0.0,0.45,0.0,0.37365156412124634,0.09595564007759094,0.5303928256034851,0.0,0.3386454183266932,0.237,0.0,0.906,0.0,0.116,0.0,0.45,0.0,0.40806955099105835,0.014370659366250038,0.577559769153595,0.0,0.47191011235955055,0.42430374,0.0,0.5650617,0.010634528,0.37365156,0.09595564,0.5303928,0.0,0.40806955,0.014370659,0.57755977,0.0,0.7898104621779372,0.7825432850729872,0.8166382415902067
0.904,0.0,0.24,0.0,0.45,0.0,0.117,0.0,0.48119744658470154,0.17051848769187927,0.3482840955257416,0.0,1.0,0.904,0.0,0.24,0.0,0.45,0.0,0.117,0.0,0.53873610496521,0.07324586063623428,0.32401812076568604,0.06399991363286972,0.3466135458167331,0.904,0.0,0.24,0.0,0.45,0.0,0.117,0.0,0.318050742149353,0.1326569765806198,0.41852420568466187,0.1307680755853653,0.4606741573033708,0.48119745,0.17051849,0.3482841,0.0,0.5387361,0.07324586,0.32401812,0.06399991,0.31805074,0.13265698,0.4185242,0.13076808,0.761928380830452,0.7660895360542984,0.7850251926018448
0.878,0.0,0.26,0.0,0.438,0.0,0.128,0.0,0.4695223271846771,0.0,0.4673255383968353,0.06315218657255173,0.9977220956719818,0.878,0.0,0.26,0.0,0.438,0.0,0.128,0.0,0.4119502902030945,0.03528357297182083,0.5527662038803101,0.0,0.350597609561753,0.878,0.0,0.26,0.0,0.438,0.0,0.128,0.0,0.2186702936887741,0.15277549624443054,0.35186246037483215,0.2766917645931244,0.449438202247191,0.46952233,0.0,0.46732554,0.06315219,0.4119503,0.035283573,0.5527662,0.0,0.2186703,0.1527755,0.35186246,0.27669176,0.78043624449922,0.757144406330122,0.7902741639728681
0.903,0.0,0.239,0.0,0.45,0.0,0.117,0.0,0.5300511121749878,0.0,0.38338136672973633,0.0865674689412117,0.9977220956719818,0.903,0.0,0.239,0.0,0.45,0.0,0.117,0.0,0.4502154290676117,0.0,0.45957788825035095,0.09020669758319855,0.35856573705179284,0.903,0.0,0.239,0.0,0.45,0.0,0.117,0.0,0.5335812568664551,0.0,0.46641871333122253,0.0,0.43820224719101125,0.5300511,0.0,0.38338137,0.08656747,0.45021543,0.0,0.4595779,0.0902067,0.53358126,0.0,0.4664187,0.0,0.8150638657246948,0.8113662081395507,0.7226771550809264
0.239,0.0,0.904,0.0,0.117,0.0,0.45,0.0,0.335019588470459,0.07702551037073135,0.38702064752578735,0.2009342610836029,0.9977220956719818,0.239,0.0,0.904,0.0,0.117,0.0,0.45,0.0,0.4933401346206665,0.033886682242155075,0.3939196467399597,0.07885352522134781,0.36254980079681276,0.239,0.0,0.904,0.0,0.117,0.0,0.45,0.0,0.4536028504371643,0.0,0.5463970899581909,0.0,0.42696629213483145,0.3350196,0.07702551,0.38702065,0.20093426,0.49334013,0.033886682,0.39391965,0.078853525,0.45360285,0.0,0.5463971,0.0,0.7706278667086647,0.8223771795863197,0.8166491136187599
0.876,0.0,0.261,0.0,0.437,0.0,0.129,0.0,0.4280519485473633,0.11176878958940506,0.3781108856201172,0.08206838369369507,0.9954441913439636,0.876,0.0,0.261,0.0,0.437,0.0,0.129,0.0,0.30928343534469604,0.12053535133600235,0.4160574972629547,0.1541237086057663,0.3665338645418327,0.876,0.0,0.261,0.0,0.437,0.0,0.129,0.0,0.29614537954330444,0.13644109666347504,0.4635624885559082,0.10385096818208694,0.4157303370786517,0.42805195,0.11176879,0.3781109,0.08206838,0.30928344,0.12053535,0.4160575,0.15412371,0.29614538,0.1364411,0.4635625,0.10385097,0.80109834869068,0.775022019936255,0.7856617112890991
0.903,0.0,0.239,0.0,0.45,0.0,0.117,0.0,0.4153803586959839,0.011784934438765049,0.3939496874809265,0.17888499796390533,0.9954441913439636,0.903,0.0,0.239,0.0,0.45,0.0,0.117,0.0,0.24851801991462708,0.1718333661556244,0.45098942518234253,0.1286592185497284,0.3745019920318725,0.903,0.0,0.239,0.0,0.45,0.0,0.117,0.0,0.5260112285614014,0.01834559068083763,0.41592270135879517,0.03972046822309494,0.4044943820224719,0.41538036,0.011784934,0.3939497,0.178885,0.24851802,0.17183337,0.45098943,0.12865922,0.5260112,0.01834559,0.4159227,0.03972047,0.8086479919587494,0.8243353682195068,0.7566951947842957
0.903,0.0,0.238,0.0,0.45,0.0,0.116,0.0,0.4783463776111603,0.052538514137268066,0.4596901535987854,0.009425008669495583,0.9931662870159453,0.903,0.0,0.238,0.0,0.45,0.0,0.116,0.0,0.5623236894607544,0.011529741808772087,0.3905766010284424,0.03556999936699867,0.3784860557768924,0.903,0.0,0.238,0.0,0.45,0.0,0.116,0.0,0.46326154470443726,0.0556916780769825,0.47710731625556946,0.003939413465559483,0.39325842696629215,0.47834638,0.052538514,0.45969015,0.009425009,0.5623237,0.011529742,0.3905766,0.03557,0.46326154,0.055691678,0.47710732,0.0039394135,0.7808564658813678,0.7231181915455066,0.823540585821172
0.239,0.0,0.904,0.0,0.117,0.0,0.45,0.0,0.39578235149383545,0.03599384427070618,0.568223774433136,0.0,0.9931662870159453,0.239,0.0,0.904,0.0,0.117,0.0,0.45,0.0,0.5132504105567932,0.0,0.4701240658760071,0.01662551797926426,0.38645418326693226,0.239,0.0,0.904,0.0,0.117,0.0,0.45,0.0,0.43761369585990906,0.07768279314041138,0.48470357060432434,0.0,0.38202247191011235,0.39578235,0.035993844,0.5682238,0.0,0.5132504,0.0,0.47012407,0.016625518,0.4376137,0.07768279,0.48470357,0.0,0.8052270278567359,0.8168214902514503,0.8383813366526649
0.238,0.0,0.905,0.0,0.116,0.0,0.45,0.0,0.4114842116832733,0.0,0.5885158181190491,0.0,0.9908883826879271,0.238,0.0,0.905,0.0,0.116,0.0,0.45,0.0,0.3515923321247101,0.025116173550486565,0.4578781723976135,0.1654132455587387,0.3904382470119522,0.238,0.0,0.905,0.0,0.116,0.0,0.45,0.0,0.35971131920814514,0.06274854391813278,0.5117369294166565,0.065803162753582,0.3707865168539326,0.4114842,0.0,0.5885158,0.0,0.35159233,0.025116174,0.45787817,0.16541325,0.35971132,0.062748544,0.5117369,0.06580316,0.8342408015143323,0.7839751078497816,0.8174773885619093
0.268,0.0,0.87,0.0,0.132,0.0,0.434,0.0,0.48613303899765015,0.0,0.5138669610023499,0.0,0.9886104783599089,0.268,0.0,0.87,0.0,0.132,0.0,0.434,0.0,0.48258131742477417,0.046732787042856216,0.3835641145706177,0.08712178468704224,0.398406374501992,0.268,0.0,0.87,0.0,0.132,0.0,0.434,0.0,0.5358030200004578,0.0,0.4641970098018646,0.0,0.3595505617977528,0.48613304,0.0,0.51386696,0.0,0.48258132,0.046732787,0.3835641,0.087121785,0.535803,0.0,0.464197,0.0,0.8187840967292921,0.7962480454559462,0.7782069592590467
0.27,0.0,0.87,0.0,0.133,0.0,0.434,0.0,0.336899995803833,0.11248893290758133,0.41350486874580383,0.13710616528987885,0.9886104783599089,0.27,0.0,0.87,0.0,0.133,0.0,0.434,0.0,0.44751906394958496,0.1548791080713272,0.32184597849845886,0.07575583457946777,0.4063745019920319,0.27,0.0,0.87,0.0,0.133,0.0,0.434,0.0,0.5252266526222229,0.058881357312202454,0.33817800879478455,0.07771407812833786,0.34831460674157305,0.3369,0.11248893,0.41350487,0.13710617,0.44751906,0.15487911,0.32184598,0.075755835,0.52522665,0.058881357,0.338178,0.07771408,0.7889504335161239,0.8053851208921463,0.7982360503908188
0.27,0.0,0.868,0.0,0.133,0.0,0.433,0.0,0.43082135915756226,0.12616856396198273,0.4430100917816162,0.0,0.9863325740318907,0.27,0.0,0.868,0.0,0.133,0.0,0.433,0.0,0.41985565423965454,0.09664083272218704,0.35963594913482666,0.12386743724346161,0.4103585657370518,0.27,0.0,0.868,0.0,0.133,0.0,0.433,0.0,0.47696423530578613,0.019819075241684914,0.4007455110549927,0.1024712324142456,0.33707865168539325,0.43082136,0.12616856,0.4430101,0.0,0.41985565,0.09664083,0.35963595,0.12386744,0.47696424,0.019819075,0.4007455,0.10247123,0.7938011734600202,0.8253483294363158,0.8236166386718885
0.237,0.0,0.903,0.0,0.116,0.0,0.45,0.0,0.4695487320423126,0.015190462581813335,0.4781610667705536,0.037099700421094894,0.9840546697038725,0.237,0.0,0.903,0.0,0.116,0.0,0.45,0.0,0.35900893807411194,0.23035916686058044,0.353773295879364,0.05685855820775032,0.41832669322709165,0.237,0.0,0.903,0.0,0.116,0.0,0.45,0.0,0.45290300250053406,0.0,0.5417760014533997,0.005320986732840538,0.3258426966292135,0.46954873,0.015190463,0.47816107,0.0370997,0.35900894,0.23035917,0.3537733,0.05685856,0.452903,0.0,0.541776,0.0053209867,0.804250277764974,0.7951541827990394,0.7922293232752662
1.136,0.0,0.0,0.0,0.565,0.0,0.0,0.0,0.39881592988967896,0.14224329590797424,0.3593361973762512,0.09960455447435379,0.9817767653758542,1.136,0.0,0.0,0.0,0.565,0.0,0.0,0.0,0.4801829159259796,0.1431543081998825,0.3766627311706543,0.0,0.42231075697211157,1.136,0.0,0.0,0.0,0.565,0.0,0.0,0.0,0.44440534710884094,0.0,0.43294939398765564,0.122645303606987,0.3146067415730337,0.39881593,0.1422433,0.3593362,0.099604554,0.48018292,0.14315431,0.37666273,0.0,0.44440535,0.0,0.4329494,0.1226453,0.8728224968507649,0.8751740371778369,0.8767139023139835
0.904,0.0,0.232,0.0,0.45,0.0,0.115,0.0,0.5133671164512634,0.034794922918081284,0.451837956905365,0.0,0.979498861047836,0.904,0.0,0.232,0.0,0.45,0.0,0.115,0.0,0.41511455178260803,0.04175395146012306,0.43275386095046997,0.11037760227918625,0.4302788844621514,0.904,0.0,0.232,0.0,0.45,0.0,0.115,0.0,0.4711724817752838,0.0,0.4349572956562042,0.09387025982141495,0.30337078651685395,0.5133671,0.034794923,0.45183796,0.0,0.41511455,0.04175395,0.43275386,0.1103776,0.47117248,0.0,0.4349573,0.09387026,0.8028231536939503,0.8044925874069095,0.8371336108043552
0.235,0.0,0.904,0.0,0.115,0.0,0.45,0.0,0.43824777007102966,0.0,0.5039373636245728,0.057814858853816986,0.9772209567198178,0.235,0.0,0.904,0.0,0.115,0.0,0.45,0.0,0.3722735345363617,0.0167771615087986,0.5001335740089417,0.11081572622060776,0.43824701195219123,0.235,0.0,0.904,0.0,0.115,0.0,0.45,0.0,0.47825396060943604,0.11503972858190536,0.2962188422679901,0.11048752069473267,0.29213483146067415,0.43824777,0.0,0.50393736,0.05781486,0.37227353,0.016777162,0.5001336,0.110815726,0.47825396,0.11503973,0.29621884,0.11048752,0.8185927039257825,0.8216885572544874,0.7931450611225905
0.904,0.0,0.232,0.0,0.45,0.0,0.114,0.0,0.4583873748779297,0.0,0.4269344210624695,0.11467823386192322,0.9749430523917996,0.904,0.0,0.232,0.0,0.45,0.0,0.114,0.0,0.4549330174922943,0.0,0.5450670123100281,0.0,0.44223107569721115,0.904,0.0,0.232,0.0,0.45,0.0,0.114,0.0,0.3974919617176056,0.21670104563236237,0.2565060257911682,0.12930099666118622,0.2808988764044944,0.45838737,0.0,0.42693442,0.114678234,0.45493302,0.0,0.545067,0.0,0.39749196,0.21670105,0.25650603,0.129301,0.8178403123368608,0.804315198873459,0.8079769625415194
0.904,0.0,0.232,0.0,0.45,0.0,0.114,0.0,0.48394739627838135,0.14135174453258514,0.31089136004447937,0.06380945444107056,0.9726651480637813,0.904,0.0,0.232,0.0,0.45,0.0,0.114,0.0,0.39041051268577576,0.0,0.483415812253952,0.12617374956607819,0.450199203187251,0.904,0.0,0.232,0.0,0.45,0.0,0.114,0.0,0.4471348822116852,0.04951195418834686,0.4359378516674042,0.06741524487733841,0.2696629213483146,0.4839474,0.14135174,0.31089136,0.063809454,0.3904105,0.0,0.4834158,0.12617375,0.44713488,0.049511954,0.43593785,0.067415245,0.7921007915486681,0.7981719895352708,0.7768687590112078
0.233,0.0,0.904,0.0,0.114,0.0,0.45,0.0,0.4131503105163574,0.0,0.5868496894836426,0.0,0.9703872437357631,0.233,0.0,0.904,0.0,0.114,0.0,0.45,0.0,0.4023406505584717,0.0,0.48724424839019775,0.11041513085365295,0.4581673306772908,0.233,0.0,0.904,0.0,0.114,0.0,0.45,0.0,0.45420315861701965,0.0,0.41725048422813416,0.12854637205600739,0.25842696629213485,0.4131503,0.0,0.5868497,0.0,0.40234065,0.0,0.48724425,0.11041513,0.45420316,0.0,0.41725048,0.12854637,0.7382570937562496,0.8423369780469449,0.8241879746604474
0.282,0.0,0.852,0.0,0.139,0.0,0.425,0.0,0.3130488693714142,0.10320991277694702,0.5824577212333679,0.001283541671000421,0.9681093394077449,0.282,0.0,0.852,0.0,0.139,0.0,0.425,0.0,0.4942514896392822,0.0,0.4704459011554718,0.03530257195234299,0.46215139442231074,0.282,0.0,0.852,0.0,0.139,0.0,0.425,0.0,0.49125030636787415,0.0,0.39923518896102905,0.10951452702283859,0.25842696629213485,0.31304887,0.10320991,0.5824577,0.0012835417,0.4942515,0.0,0.4704459,0.035302572,0.4912503,0.0,0.3992352,0.10951453,0.8073596519104977,0.8118792813889524,0.8338247579209348
0.847,0.0,0.282,0.0,0.423,0.0,0.14,0.0,0.43081051111221313,0.050389453768730164,0.289610356092453,0.22918972373008728,0.9635535307517085,0.847,0.0,0.282,0.0,0.423,0.0,0.14,0.0,0.4259120225906372,0.027981199324131012,0.4576772451400757,0.08842949569225311,0.4701195219123506,0.847,0.0,0.282,0.0,0.423,0.0,0.14,0.0,0.4103547930717468,0.0,0.5478854775428772,0.04175977036356926,0.24719101123595505,0.4308105,0.050389454,0.28961036,0.22918972,0.42591202,0.0279812,0.45767725,0.088429496,0.4103548,0.0,0.5478855,0.04175977,0.7315078567855523,0.8213110160224603,0.7891866874091791
0.23,0.0,0.903,0.0,0.113,0.0,0.45,0.0,0.35441768169403076,0.016487382352352142,0.5617460012435913,0.06734896451234818,0.9612756264236902,0.23,0.0,0.903,0.0,0.113,0.0,0.45,0.0,0.3435361385345459,0.0,0.5207802057266235,0.13568376004695892,0.47808764940239046,0.23,0.0,0.903,0.0,0.113,0.0,0.45,0.0,0.48688313364982605,0.08295436948537827,0.4301624596118927,0.0,0.23595505617977527,0.35441768,0.016487382,0.561746,0.067348965,0.34353614,0.0,0.5207802,0.13568376,0.48688313,0.08295437,0.43016246,0.0,0.7397882819040207,0.8156921863420394,0.8015533327920823
0.246,0.0,0.885,0.0,0.122,0.0,0.441,0.0,0.31285062432289124,0.1440114676952362,0.3712812066078186,0.17185668647289276,0.958997722095672,0.246,0.0,0.885,0.0,0.122,0.0,0.441,0.0,0.5627315044403076,0.08601954579353333,0.3233126103878021,0.027936289086937904,0.4860557768924303,0.246,0.0,0.885,0.0,0.122,0.0,0.441,0.0,0.3361336290836334,0.0008783917292021215,0.46318715810775757,0.19980084896087646,0.2247191011235955,0.31285062,0.14401147,0.3712812,0.17185669,0.5627315,0.086019546,0.3233126,0.02793629,0.33613363,0.00087839173,0.46318716,0.19980085,0.772458753548888,0.7609665250408925,0.7687243318188466
0.841,0.0,0.287,0.0,0.42,0.0,0.142,0.0,0.481273889541626,0.1021999716758728,0.40174049139022827,0.014785654842853546,0.9567198177676538,0.841,0.0,0.287,0.0,0.42,0.0,0.142,0.0,0.3167760372161865,0.017972271889448166,0.45771151781082153,0.20754015445709229,0.4900398406374502,0.841,0.0,0.287,0.0,0.42,0.0,0.142,0.0,0.3732476830482483,0.15893308818340302,0.42495107650756836,0.04286817088723183,0.21348314606741572,0.4812739,0.10219997,0.4017405,0.014785655,0.31677604,0.017972272,0.45771152,0.20754015,0.37324768,0.15893309,0.42495108,0.04286817,0.7812764234498726,0.7502635426477181,0.7854238517240273
0.875,0.0,0.252,0.0,0.436,0.0,0.125,0.0,0.6911487579345703,0.0,0.201801598072052,0.10704959183931351,0.9521640091116174,0.875,0.0,0.252,0.0,0.436,0.0,0.125,0.0,0.3706367015838623,0.0,0.5035563707351685,0.125806987285614,0.49800796812749004,0.875,0.0,0.252,0.0,0.436,0.0,0.125,0.0,0.4216746389865875,0.18463262915611267,0.3936927318572998,0.0,0.20224719101123595,0.69114876,0.0,0.2018016,0.10704959,0.3706367,0.0,0.5035564,0.12580699,0.42167464,0.18463263,0.39369273,0.0,0.7646947050492394,0.8159513855378258,0.8292738700310814
0.291,0.0,0.835,0.0,0.144,0.0,0.417,0.0,0.3424576222896576,0.0415387786924839,0.4139377474784851,0.20206581056118011,0.9498861047835991,0.291,0.0,0.835,0.0,0.144,0.0,0.417,0.0,0.4735110402107239,0.11616285145282745,0.3829093873500824,0.027416760101914406,0.5059760956175299,0.291,0.0,0.835,0.0,0.144,0.0,0.417,0.0,0.4568812847137451,0.10908058285713196,0.4340381622314453,0.0,0.19101123595505617,0.34245762,0.04153878,0.41393775,0.20206581,0.47351104,0.11616285,0.3829094,0.02741676,0.45688128,0.10908058,0.43403816,0.0,0.7091692676671686,0.8003869285710993,0.8184249034055414
0.905,0.0,0.224,0.0,0.45,0.0,0.11,0.0,0.43874478340148926,0.211796835064888,0.2786828875541687,0.07077548652887344,0.9453302961275627,0.905,0.0,0.224,0.0,0.45,0.0,0.11,0.0,0.4801417887210846,0.10191777348518372,0.4179404079914093,0.0,0.5139442231075697,0.905,0.0,0.224,0.0,0.45,0.0,0.11,0.0,0.5116780996322632,0.004337628372013569,0.4839842915534973,0.0,0.1797752808988764,0.43874478,0.21179684,0.2786829,0.07077549,0.4801418,0.10191777,0.4179404,0.0,0.5116781,0.0043376284,0.4839843,0.0,0.7805371331037794,0.8346279488863264,0.8067431764663969
0.264,0.0,0.862,0.0,0.131,0.0,0.429,0.0,0.3679349720478058,0.049948882311582565,0.4260169267654419,0.15609923005104065,0.9430523917995444,0.264,0.0,0.862,0.0,0.131,0.0,0.429,0.0,0.38935375213623047,0.1441003829240799,0.2783432900905609,0.1882026195526123,0.5219123505976095,0.264,0.0,0.862,0.0,0.131,0.0,0.429,0.0,0.38030755519866943,0.11478498578071594,0.4535878300666809,0.051319561898708344,0.16853932584269662,0.36793497,0.049948882,0.42601693,0.15609923,0.38935375,0.14410038,0.2783433,0.18820262,0.38030756,0.114784986,0.45358783,0.051319562,0.7839043918173654,0.7733625236075266,0.796095353655134
0.903,0.0,0.221,0.0,0.45,0.0,0.108,0.0,0.43092191219329834,0.23368610441684723,0.24325180053710938,0.09214024245738983,0.9384965831435079,0.903,0.0,0.221,0.0,0.45,0.0,0.108,0.0,0.44623857736587524,0.06687269359827042,0.3519003987312317,0.13498832285404205,0.5258964143426295,0.903,0.0,0.221,0.0,0.45,0.0,0.108,0.0,0.34138989448547363,0.15970750153064728,0.35872340202331543,0.14017920196056366,0.15730337078651685,0.4309219,0.2336861,0.2432518,0.09214024,0.44623858,0.06687269,0.3519004,0.13498832,0.3413899,0.1597075,0.3587234,0.1401792,0.7751465104974726,0.8177503221191386,0.8106956266321161
0.27,0.0,0.85,0.0,0.134,0.0,0.423,0.0,0.32725024223327637,0.2044004201889038,0.4019690454006195,0.0663803294301033,0.9339407744874715,0.27,0.0,0.85,0.0,0.134,0.0,0.423,0.0,0.3422813415527344,0.1136428490281105,0.3345419764518738,0.20953382551670074,0.5338645418326693,0.27,0.0,0.85,0.0,0.134,0.0,0.423,0.0,0.35700228810310364,0.09123029559850693,0.4369567036628723,0.11481070518493652,0.14606741573033707,0.32725024,0.20440042,0.40196905,0.06638033,0.34228134,0.11364285,0.33454198,0.20953383,0.3570023,0.091230296,0.4369567,0.114810705,0.7851566388589046,0.8070606424790524,0.817350216148486
0.904,0.0,0.219,0.0,0.45,0.0,0.107,0.0,0.42713266611099243,0.12062977999448776,0.3360198438167572,0.11621773988008499,0.9316628701594533,0.904,0.0,0.219,0.0,0.45,0.0,0.107,0.0,0.48702821135520935,0.1061025857925415,0.40686923265457153,0.0,0.5418326693227091,0.904,0.0,0.219,0.0,0.45,0.0,0.107,0.0,0.5668155550956726,0.04771243780851364,0.3216535449028015,0.06381846964359283,0.1348314606741573,0.42713267,0.12062978,0.33601984,0.11621774,0.4870282,0.106102586,0.40686923,0.0,0.56681556,0.047712438,0.32165354,0.06381847,0.8086873356553768,0.7648267749997829,0.7647149984094357
0.278,0.0,0.84,0.0,0.138,0.0,0.418,0.0,0.3966800272464752,0.0,0.5213400721549988,0.0819799080491066,0.9271070615034168,0.278,0.0,0.84,0.0,0.138,0.0,0.418,0.0,0.4239211678504944,0.11656054854393005,0.28980064392089844,0.16971760988235474,0.549800796812749,0.278,0.0,0.84,0.0,0.138,0.0,0.418,0.0,0.40867969393730164,0.13842792809009552,0.45289239287376404,0.0,0.12359550561797752,0.39668003,0.0,0.5213401,0.08197991,0.42392117,0.11656055,0.28980064,0.16971761,0.4086797,0.13842793,0.4528924,0.0,0.7745154338445595,0.7807564812269143,0.7853891807165078
0.904,0.0,0.215,0.0,0.45,0.0,0.105,0.0,0.5740723609924316,0.0,0.2753833830356598,0.15054431557655334,0.9225512528473804,0.904,0.0,0.215,0.0,0.45,0.0,0.105,0.0,0.5159839987754822,0.08990602195262909,0.39410993456840515,0.0,0.5577689243027888,0.904,0.0,0.215,0.0,0.45,0.0,0.105,0.0,0.5873464941978455,0.0,0.41265353560447693,0.0,0.11235955056179775,0.57407236,0.0,0.27538338,0.15054432,0.515984,0.08990602,0.39410993,0.0,0.5873465,0.0,0.41265354,0.0,0.7502575946225347,0.7807532263173285,0.7771735501660528
0.286,0.0,0.83,0.0,0.142,0.0,0.413,0.0,0.39882075786590576,0.13295166194438934,0.4682275056838989,0.0,0.9179954441913439,0.286,0.0,0.83,0.0,0.142,0.0,0.413,0.0,0.5004421472549438,0.0,0.42800208926200867,0.07155582308769226,0.5657370517928287,0.286,0.0,0.83,0.0,0.142,0.0,0.413,0.0,0.2931806445121765,0.1173834577202797,0.42002391815185547,0.1694120615720749,0.11235955056179775,0.39882076,0.13295166,0.4682275,0.0,0.50044215,0.0,0.4280021,0.07155582,0.29318064,0.11738346,0.42002392,0.16941206,0.7715058644542179,0.8126811047324618,0.7309771736392459
0.805,0.0,0.307,0.0,0.402,0.0,0.152,0.0,0.40369340777397156,0.13694322109222412,0.2268906831741333,0.23247265815734863,0.9157175398633257,0.805,0.0,0.307,0.0,0.402,0.0,0.152,0.0,0.4165012836456299,0.035912901163101196,0.5475858449935913,0.0,0.5697211155378487,0.805,0.0,0.307,0.0,0.402,0.0,0.152,0.0,0.21469512581825256,0.03634117171168327,0.5966823697090149,0.15228132903575897,0.10112359550561797,0.4036934,0.13694322,0.22689068,0.23247266,0.41650128,0.0359129,0.54758584,0.0,0.21469513,0.03634117,0.59668237,0.15228133,0.7521109388661299,0.8008121655774031,0.7779822872471724
0.291,0.0,0.819,0.0,0.145,0.0,0.408,0.0,0.3414856195449829,0.1691214144229889,0.4893929660320282,0.0,0.9111617312072893,0.291,0.0,0.819,0.0,0.145,0.0,0.408,0.0,0.4745292067527771,0.07710529863834381,0.42678582668304443,0.021579647436738014,0.5776892430278885,0.291,0.0,0.819,0.0,0.145,0.0,0.408,0.0,0.4762667715549469,0.0,0.5237331986427307,0.0,0.0898876404494382,0.34148562,0.16912141,0.48939297,0.0,0.4745292,0.0771053,0.42678583,0.021579647,0.47626677,0.0,0.5237332,0.0,0.7436447468930084,0.8003256527119476,0.7440170017414887
0.904,0.0,0.209,0.0,0.45,0.0,0.102,0.0,0.5249326229095459,0.0,0.30025210976600647,0.17481519281864166,0.9066059225512528,0.904,0.0,0.209,0.0,0.45,0.0,0.102,0.0,0.37348005175590515,0.07487548142671585,0.3133260905742645,0.2383182942867279,0.5856573705179283,0.904,0.0,0.209,0.0,0.45,0.0,0.102,0.0,0.42219430208206177,0.07432857155799866,0.3020554482936859,0.20142166316509247,0.07865168539325842,0.5249326,0.0,0.3002521,0.1748152,0.37348005,0.07487548,0.3133261,0.2383183,0.4221943,0.07432857,0.30205545,0.20142166,0.7729838748848956,0.7619447608864824,0.7599691172516864
0.906,0.0,0.208,0.0,0.45,0.0,0.101,0.0,0.4410856366157532,0.030223699286580086,0.3765101730823517,0.15218055248260498,0.9020501138952164,0.906,0.0,0.208,0.0,0.45,0.0,0.101,0.0,0.5024151802062988,0.0,0.4050540030002594,0.09253081679344177,0.5936254980079682,0.906,0.0,0.208,0.0,0.45,0.0,0.101,0.0,0.5200181603431702,0.08928355574607849,0.3906983435153961,0.0,0.06741573033707865,0.44108564,0.0302237,0.37651017,0.15218055,0.5024152,0.0,0.405054,0.09253082,0.52001816,0.089283556,0.39069834,0.0,0.8150981383318477,0.7903219418520504,0.7680682675833278
0.906,0.145,0.06,0.0,0.45,0.072,0.028,0.0,0.3459499180316925,0.29945942759513855,0.1769382804632187,0.17765237390995026,0.89749430523918,0.906,0.145,0.06,0.0,0.45,0.072,0.028,0.0,0.4973621964454651,0.06101655587553978,0.4416212737560272,0.0,0.601593625498008,0.906,0.145,0.06,0.0,0.45,0.072,0.028,0.0,0.5754393339157104,0.014946283772587776,0.40961432456970215,0.0,0.056179775280898875,0.34594992,0.29945943,0.17693828,0.17765237,0.4973622,0.061016556,0.44162127,0.0,0.57543933,0.014946284,0.40961432,0.0,0.6659437079315185,0.7366256732826233,0.7439030904655457
1.104,0.0,0.0,0.0,0.549,0.0,0.0,0.0,0.5189021825790405,0.0,0.4722083806991577,0.008889456279575825,0.8929384965831435,1.104,0.0,0.0,0.0,0.549,0.0,0.0,0.0,0.4838749170303345,0.1647195965051651,0.35140544176101685,0.0,0.6095617529880478,1.104,0.0,0.0,0.0,0.549,0.0,0.0,0.0,0.3956252336502075,0.0,0.37154099345207214,0.23283381760120392,0.0449438202247191,0.5189022,0.0,0.47220838,0.008889456,0.48387492,0.1647196,0.35140544,0.0,0.39562523,0.0,0.371541,0.23283382,0.8038596715848954,0.8821622278612169,0.8305099155824693
0.202,0.0,0.902,0.0,0.098,0.0,0.45,0.0,0.28041329979896545,0.06503945589065552,0.48371002078056335,0.1708371937274933,0.8883826879271071,0.202,0.0,0.902,0.0,0.098,0.0,0.45,0.0,0.3551066219806671,0.1626674234867096,0.37305206060409546,0.10917390137910843,0.6175298804780877,0.202,0.0,0.902,0.0,0.098,0.0,0.45,0.0,0.45175135135650635,0.0,0.34563523530960083,0.2026134431362152,0.033707865168539325,0.2804133,0.065039456,0.48371002,0.1708372,0.35510662,0.16266742,0.37305206,0.1091739,0.45175135,0.0,0.34563524,0.20261344,0.7532456877638825,0.7971339228560455,0.826190793793393
0.904,0.0,0.199,0.0,0.45,0.0,0.097,0.0,0.4083522856235504,0.11505179107189178,0.39598724246025085,0.08060870319604874,0.8838268792710706,0.904,0.0,0.199,0.0,0.45,0.0,0.097,0.0,0.4857329726219177,0.05052901431918144,0.4637380540370941,0.0,0.6254980079681275,0.904,0.0,0.199,0.0,0.45,0.0,0.097,0.0,0.3326560854911804,0.0,0.4956415891647339,0.17170237004756927,0.02247191011235955,0.4083523,0.11505179,0.39598724,0.0806087,0.48573297,0.050529014,0.46373805,0.0,0.3326561,0.0,0.4956416,0.17170237,0.7974645336409156,0.7963895877142493,0.7886375864286963
0.194,0.0,0.906,0.0,0.095,0.0,0.45,0.0,0.2956448793411255,0.006823393050581217,0.5810044407844543,0.11652731895446777,0.876993166287016,0.194,0.0,0.906,0.0,0.095,0.0,0.45,0.0,0.30280590057373047,0.18327069282531738,0.4203420877456665,0.09358133375644684,0.6294820717131474,0.194,0.0,0.906,0.0,0.095,0.0,0.45,0.0,0.303298681974411,0.21242503821849823,0.48427629470825195,0.0,0.02247191011235955,0.29564488,0.006823393,0.58100444,0.11652732,0.3028059,0.1832707,0.4203421,0.093581334,0.30329868,0.21242504,0.4842763,0.0,0.7746321114960066,0.7754681620064132,0.7636689755382888
0.325,0.0,0.768,0.0,0.161,0.0,0.383,0.0,0.32937291264533997,0.1381015032529831,0.36392125487327576,0.1686042994260788,0.8724373576309795,0.325,0.0,0.768,0.0,0.161,0.0,0.383,0.0,0.36805543303489685,0.2605331838130951,0.3109920918941498,0.060419317334890366,0.6374501992031872,0.325,0.0,0.768,0.0,0.161,0.0,0.383,0.0,0.4974735677242279,0.0,0.3933487832546234,0.1091775968670845,0.011235955056179775,0.3293729,0.1381015,0.36392125,0.1686043,0.36805543,0.26053318,0.3109921,0.060419317,0.49747357,0.0,0.39334878,0.1091776,0.7618112109296462,0.8049044869535109,0.7636744700067184
0.763,0.0,0.325,0.0,0.381,0.0,0.162,0.0,0.4934128224849701,0.11142785847187042,0.3951592743396759,0.0,0.8678815489749431,0.763,0.0,0.325,0.0,0.381,0.0,0.162,0.0,0.3487289249897003,0.17282554507255554,0.3800884187221527,0.09835714101791382,0.6454183266932271,0.763,0.0,0.325,0.0,0.381,0.0,0.162,0.0,0.3504796624183655,0.14293107390403748,0.39067962765693665,0.11590967327356339,0.0,0.49341282,0.11142786,0.39515927,0.0,0.34872892,0.17282555,0.38008842,0.09835714,0.35047966,0.14293107,0.39067963,0.11590967,0.7812060702848171,0.8135647345590329,0.7898502279329036
0.903,0.0,0.189,0.0,0.45,0.0,0.093,0.0,0.43603816628456116,0.10365868359804153,0.3681461811065674,0.09215696156024933,0.8633257403189066,0.903,0.0,0.189,0.0,0.45,0.0,0.093,0.0,0.49933376908302307,0.04138077050447464,0.4592854082584381,0.0,0.6533864541832669,0.903,0.0,0.189,0.0,0.45,0.0,0.093,0.0,0.4066101908683777,0.16902993619441986,0.42435985803604126,0.0,0.0,0.43603817,0.10365868,0.36814618,0.09215696,0.49933377,0.04138077,0.4592854,0.0,0.4066102,0.16902994,0.42435986,0.0,0.811780585541646,0.7884014325284168,0.8022795008563204
0.334,0.0,0.754,0.0,0.166,0.0,0.376,0.0,0.2848703861236572,0.09150292724370956,0.535331130027771,0.08829554170370102,0.856492027334852,0.334,0.0,0.754,0.0,0.166,0.0,0.376,0.0,0.47660791873931885,0.11181096732616425,0.3089200258255005,0.10266111046075821,0.6613545816733067,0.334,0.0,0.754,0.0,0.166,0.0,0.376,0.0,0.3513370156288147,0.14164291322231293,0.5070201754570007,0.0,0.0,0.2848704,0.09150293,0.53533113,0.08829554,0.47660792,0.11181097,0.30892003,0.10266111,0.35133702,0.14164291,0.5070202,0.0,0.7817715923872381,0.7884994189825445,0.8155814449873358
0.338,0.0,0.75,0.0,0.168,0.0,0.374,0.0,0.43597787618637085,0.0,0.4444880187511444,0.11953412741422653,0.8519362186788155,0.338,0.0,0.75,0.0,0.168,0.0,0.374,0.0,0.3414710760116577,0.23031741380691528,0.3264930844306946,0.10171838104724884,0.6693227091633466,0.338,0.0,0.75,0.0,0.168,0.0,0.374,0.0,0.5888693928718567,0.0,0.40863949060440063,0.0024911612272262573,0.0,0.43597788,0.0,0.44448802,0.11953413,0.34147108,0.23031741,0.32649308,0.10171838,0.5888694,0.0,0.4086395,0.0024911612,0.7882025759306341,0.7945908348646551,0.7536326210585028
