time,counts,events
1699054538.7752676,14735425,branches
1699054538.7752676,137855304,instructions
1699054538.7752676,307974,branch-misses
1699054538.8803172,14726621,branches
1699054538.8803172,136739056,instructions
1699054538.8803172,325913,branch-misses
1699054538.9832377,13776010,branches
1699054538.9832377,115945541,instructions
1699054538.9832377,2421121,branch-misses
1699054539.0872395,14444988,branches
1699054539.0872395,138482918,instructions
1699054539.0872395,605191,branch-misses
1699054539.19127,7685234,branches
1699054539.19127,103165625,instructions
1699054539.19127,90641,branch-misses
1699054539.2954347,26963605,branches
1699054539.2954347,251402216,instructions
1699054539.2954347,2684539,branch-misses
1699054539.4032955,29586635,branches
1699054539.4032955,284549125,instructions
1699054539.4032955,1032497,branch-misses
1699054539.5112808,23085992,branches
1699054539.5112808,254314723,instructions
1699054539.5112808,504583,branch-misses
1699054539.619257,29930647,branches
1699054539.619257,294710341,instructions
1699054539.619257,971570,branch-misses
1699054539.727164,24536724,branches
1699054539.727164,235923920,instructions
1699054539.727164,1040176,branch-misses
1699054539.8311334,15205463,branches
1699054539.8311334,144906687,instructions
1699054539.8311334,415232,branch-misses
1699054539.9351444,20466661,branches
1699054539.9351444,200017451,instructions
1699054539.9351444,832066,branch-misses
1699054540.043293,24007587,branches
1699054540.043293,227929744,instructions
1699054540.043293,872584,branch-misses
1699054540.1474802,14993310,branches
1699054540.1474802,140598544,instructions
1699054540.1474802,301825,branch-misses
1699054540.2514093,20935235,branches
1699054540.2514093,198155197,instructions
1699054540.2514093,510681,branch-misses
1699054540.3593986,27166607,branches
1699054540.3593986,255279503,instructions
1699054540.3593986,550471,branch-misses
1699054540.4673765,27989526,branches
1699054540.4673765,258565651,instructions
1699054540.4673765,1404175,branch-misses
1699054540.57529,30620963,branches
1699054540.57529,278948885,instructions
1699054540.57529,1974550,branch-misses
1699054540.683348,25390156,branches
1699054540.683348,262186507,instructions
1699054540.683348,738299,branch-misses
1699054540.7914708,25309942,branches
1699054540.7914708,253422298,instructions
1699054540.7914708,1290322,branch-misses
1699054540.9014013,30954122,branches
1699054540.9014013,284498804,instructions
1699054540.9014013,2134669,branch-misses
1699054541.0072825,25933597,branches
1699054541.0072825,269365609,instructions
1699054541.0072825,877153,branch-misses
1699054541.1152718,26641474,branches
1699054541.1152718,273948611,instructions
1699054541.1152718,600037,branch-misses
1699054541.223258,21990927,branches
1699054541.223258,213691663,instructions
1699054541.223258,849418,branch-misses
1699054541.3271542,15160973,branches
1699054541.3271542,144398018,instructions
1699054541.3271542,444537,branch-misses
1699054541.4311564,15182296,branches
1699054541.4311564,145196583,instructions
1699054541.4311564,409854,branch-misses
1699054541.5350835,15125351,branches
1699054541.5350835,146784309,instructions
1699054541.5350835,856800,branch-misses
1699054541.639276,14294270,branches
1699054541.639276,137998946,instructions
1699054541.639276,515463,branch-misses
1699054541.7433925,15011714,branches
1699054541.7433925,140702893,instructions
1699054541.7433925,306561,branch-misses
1699054541.847382,19198769,branches
1699054541.847382,180214078,instructions
1699054541.847382,583854,branch-misses
1699054541.9552724,28475377,branches
1699054541.9552724,271710022,instructions
1699054541.9552724,885448,branch-misses
1699054542.0633924,27126194,branches
1699054542.0633924,254986476,instructions
1699054542.0633924,549342,branch-misses
1699054542.171337,29811123,branches
1699054542.171337,265893840,instructions
1699054542.171337,2659655,branch-misses
1699054542.2794037,29388482,branches
1699054542.2794037,278916021,instructions
1699054542.2794037,910570,branch-misses
1699054542.3873222,22838357,branches
1699054542.3873222,244261246,instructions
1699054542.3873222,450723,branch-misses
1699054542.4992855,28072381,branches
1699054542.4992855,268026250,instructions
1699054542.4992855,2017818,branch-misses
1699054542.6072185,30586843,branches
1699054542.6072185,286573894,instructions
1699054542.6072185,1612653,branch-misses
1699054542.71522,25145186,branches
1699054542.71522,266995284,instructions
1699054542.71522,781928,branch-misses
1699054542.8233817,21572716,branches
1699054542.8233817,219766109,instructions
1699054542.8233817,512202,branch-misses
1699054542.9272392,15162738,branches
1699054542.9272392,144447798,instructions
1699054542.9272392,442078,branch-misses
1699054543.031175,15174259,branches
1699054543.031175,144555221,instructions
1699054543.031175,429300,branch-misses
1699054543.1350935,19188923,branches
1699054543.1350935,186318770,instructions
1699054543.1350935,661745,branch-misses
1699054543.2431004,14298594,branches
1699054543.2431004,137839785,instructions
1699054543.2431004,841021,branch-misses
1699054543.3472385,14859602,branches
1699054543.3472385,140787750,instructions
1699054543.3472385,344401,branch-misses
1699054543.4513981,14975671,branches
1699054543.4513981,140448937,instructions
1699054543.4513981,303237,branch-misses
1699054543.5553539,26200391,branches
1699054543.5553539,250701844,instructions
1699054543.5553539,997019,branch-misses
1699054543.663299,28318108,branches
1699054543.663299,270266556,instructions
1699054543.663299,832037,branch-misses
1699054543.7713726,27051799,branches
1699054543.7713726,252970116,instructions
1699054543.7713726,604758,branch-misses
1699054543.8792942,31132607,branches
1699054543.8792942,276554366,instructions
1699054543.8792942,2729314,branch-misses
1699054543.9873648,26743902,branches
1699054543.9873648,259884419,instructions
1699054543.9873648,817751,branch-misses
1699054544.095413,18528386,branches
1699054544.095413,202439643,instructions
1699054544.095413,325357,branch-misses
1699054544.199287,14966943,branches
1699054544.199287,131914113,instructions
1699054544.199287,1586156,branch-misses
1699054544.3032222,14897250,branches
1699054544.3032222,134840749,instructions
1699054544.3032222,1245743,branch-misses
1699054544.407171,22794431,branches
1699054544.407171,253836349,instructions
1699054544.407171,725098,branch-misses
1699054544.5154226,19638315,branches
1699054544.5154226,191622666,instructions
1699054544.5154226,527060,branch-misses
1699054544.6193683,15177807,branches
1699054544.6193683,144530912,instructions
1699054544.6193683,441113,branch-misses
1699054544.7232192,17139940,branches
1699054544.7232192,174652170,instructions
1699054544.7232192,598745,branch-misses
1699054544.8311994,29259003,branches
1699054544.8311994,282936829,instructions
1699054544.8311994,1264483,branch-misses
1699054544.9392633,30614595,branches
1699054544.9392633,291735612,instructions
1699054544.9392633,769660,branch-misses
1699054545.0472915,30746541,branches
1699054545.0472915,291888223,instructions
1699054545.0472915,709230,branch-misses
1699054545.1552346,29653173,branches
1699054545.1552346,284455130,instructions
1699054545.1552346,1029599,branch-misses
1699054545.2633314,28531464,branches
1699054545.2633314,272277216,instructions
1699054545.2633314,925010,branch-misses
1699054545.3713608,27509518,branches
1699054545.3713608,256539568,instructions
1699054545.3713608,1097599,branch-misses
1699054545.479341,31014218,branches
1699054545.479341,279421039,instructions
1699054545.479341,2242633,branch-misses
1699054545.5873013,23753470,branches
1699054545.5873013,229567870,instructions
1699054545.5873013,742019,branch-misses
1699054545.6913302,14155253,branches
1699054545.6913302,132621366,instructions
1699054545.6913302,290078,branch-misses
1699054545.7952986,14611116,branches
1699054545.7952986,132190641,instructions
1699054545.7952986,1154263,branch-misses
1699054545.899217,15334531,branches
1699054545.899217,134773977,instructions
1699054545.899217,1637383,branch-misses
1699054546.0031374,19267214,branches
1699054546.0031374,223841238,instructions
1699054546.0031374,548673,branch-misses
1699054546.1073642,15120836,branches
1699054546.1073642,144601459,instructions
1699054546.1073642,447732,branch-misses
1699054546.2111936,15156526,branches
1699054546.2111936,144447079,instructions
1699054546.2111936,437215,branch-misses
1699054546.3151722,15203475,branches
1699054546.3151722,145077987,instructions
1699054546.3151722,406506,branch-misses
1699054546.4192145,22928952,branches
1699054546.4192145,258576927,instructions
1699054546.4192145,786939,branch-misses
1699054546.5272834,29677899,branches
1699054546.5272834,285871339,instructions
1699054546.5272834,1128592,branch-misses
1699054546.635265,30722421,branches
1699054546.635265,291297542,instructions
1699054546.635265,744532,branch-misses
1699054546.7433267,30733172,branches
1699054546.7433267,291986483,instructions
1699054546.7433267,709700,branch-misses
1699054546.8512866,29561735,branches
1699054546.8512866,283139293,instructions
1699054546.8512866,1082116,branch-misses
1699054546.959326,28334848,branches
1699054546.959326,270425025,instructions
1699054546.959326,846876,branch-misses
1699054547.0673504,29663944,branches
1699054547.0673504,264276207,instructions
1699054547.0673504,2612278,branch-misses
1699054547.1753054,16194156,branches
1699054547.1753054,152180541,instructions
1699054547.1753054,462262,branch-misses
1699054547.2820077,14258035,branches
1699054547.2820077,133503920,instructions
1699054547.2820077,292194,branch-misses
1699054547.383264,14840164,branches
1699054547.383264,139091919,instructions
1699054547.383264,304009,branch-misses
1699054547.4872947,28512611,branches
1699054547.4872947,261216586,instructions
1699054547.4872947,2246647,branch-misses
1699054547.595281,14351173,branches
1699054547.595281,160647520,instructions
1699054547.595281,978531,branch-misses
1699054547.6994276,13426928,branches
1699054547.6994276,137585790,instructions
1699054547.6994276,369257,branch-misses
1699054547.8032925,15170998,branches
1699054547.8032925,144737181,instructions
1699054547.8032925,435129,branch-misses
1699054547.907179,25354280,branches
1699054547.907179,242460705,instructions
1699054547.907179,772495,branch-misses
1699054548.0152128,24275481,branches
1699054548.0152128,263047229,instructions
1699054548.0152128,846188,branch-misses
1699054548.123327,26543202,branches
1699054548.123327,267277105,instructions
1699054548.123327,1115933,branch-misses
1699054548.2312477,30591031,branches
1699054548.2312477,291547474,instructions
1699054548.2312477,772650,branch-misses
1699054548.3392675,30724020,branches
1699054548.3392675,291445615,instructions
1699054548.3392675,738930,branch-misses
1699054548.4472756,30467363,branches
1699054548.4472756,292115042,instructions
1699054548.4472756,839260,branch-misses
1699054548.5552378,29043120,branches
1699054548.5552378,276755439,instructions
1699054548.5552378,1120312,branch-misses
1699054548.6669004,23996054,branches
1699054548.6669004,226141684,instructions
1699054548.6669004,553016,branch-misses
1699054548.771354,12913345,branches
1699054548.771354,120967276,instructions
1699054548.771354,265119,branch-misses
1699054548.8752987,14856443,branches
1699054548.8752987,139212064,instructions
1699054548.8752987,302145,branch-misses
1699054548.9792798,20312823,branches
1699054548.9792798,186160346,instructions
1699054548.9792798,1366192,branch-misses
1699054549.087284,30528088,branches
1699054549.087284,279192091,instructions
1699054549.087284,1862359,branch-misses
1699054549.195269,11466165,branches
1699054549.195269,133549796,instructions
1699054549.195269,452892,branch-misses
1699054549.2994823,11199310,branches
1699054549.2994823,120973215,instructions
1699054549.2994823,196460,branch-misses
1699054549.403428,15143875,branches
1699054549.403428,144348467,instructions
1699054549.403428,447599,branch-misses
1699054549.5072248,28753608,branches
1699054549.5072248,259407525,instructions
1699054549.5072248,2869910,branch-misses
1699054549.6151593,29888556,branches
1699054549.6151593,287617132,instructions
1699054549.6151593,1009058,branch-misses
1699054549.7231996,21753155,branches
1699054549.7231996,243954765,instructions
1699054549.7231996,897972,branch-misses
1699054549.8312356,17688633,branches
1699054549.8312356,176062027,instructions
1699054549.8312356,583843,branch-misses
1699054549.9351542,15168687,branches
1699054549.9351542,144641732,instructions
1699054549.9351542,440778,branch-misses
1699054550.0391672,27841400,branches
1699054550.0391672,265808825,instructions
1699054550.0391672,762686,branch-misses
1699054550.1473053,29962581,branches
1699054550.1473053,288030515,instructions
1699054550.1473053,929955,branch-misses
1699054550.2552497,23312695,branches
1699054550.2552497,221414761,instructions
1699054550.2552497,861031,branch-misses
1699054550.359845,13630423,branches
1699054550.359845,127635382,instructions
1699054550.359845,280006,branch-misses
1699054550.46343,20529268,branches
1699054550.46343,194446338,instructions
1699054550.46343,508818,branch-misses
1699054550.5713625,29960809,branches
1699054550.5713625,267206769,instructions
1699054550.5713625,2692180,branch-misses
1699054550.679365,29570257,branches
1699054550.679365,280947599,instructions
1699054550.679365,900575,branch-misses
1699054550.7873058,22208748,branches
1699054550.7873058,238813695,instructions
1699054550.7873058,416914,branch-misses
1699054550.8953052,28477766,branches
1699054550.8953052,280040074,instructions
1699054550.8953052,670380,branch-misses
1699054551.0032835,30661126,branches
1699054551.0032835,282727337,instructions
1699054551.0032835,2005464,branch-misses
1699054551.111214,30729209,branches
1699054551.111214,286614829,instructions
1699054551.111214,1698588,branch-misses
1699054551.2192163,24720894,branches
1699054551.2192163,266398724,instructions
1699054551.2192163,968845,branch-misses
1699054551.3273478,12741769,branches
1699054551.3273478,134984148,instructions
1699054551.3273478,272120,branch-misses
1699054551.431257,15162195,branches
1699054551.431257,144454768,instructions
1699054551.431257,444131,branch-misses
1699054551.5351045,15168152,branches
1699054551.5351045,144475539,instructions
1699054551.5351045,435693,branch-misses
1699054551.6390839,27468644,branches
1699054551.6390839,264088464,instructions
1699054551.6390839,1155000,branch-misses
1699054551.7471192,22089798,branches
1699054551.7471192,213331572,instructions
1699054551.7471192,709139,branch-misses
1699054551.8514173,13511738,branches
1699054551.8514173,126626138,instructions
1699054551.8514173,275972,branch-misses
1699054551.955421,14289127,branches
1699054551.955421,133855724,instructions
1699054551.955421,290456,branch-misses
1699054552.0594873,21348527,branches
1699054552.0594873,200641652,instructions
1699054552.0594873,717858,branch-misses
1699054552.1673093,27984221,branches
1699054552.1673093,265848944,instructions
1699054552.1673093,834330,branch-misses
1699054552.2753103,31173928,branches
1699054552.2753103,277052921,instructions
1699054552.2753103,2726007,branch-misses
1699054552.3857572,27486177,branches
1699054552.3857572,266844246,instructions
1699054552.3857572,832844,branch-misses
1699054552.4913332,22878296,branches
1699054552.4913332,251904528,instructions
1699054552.4913332,380608,branch-misses
1699054552.5993054,30449671,branches
1699054552.5993054,290391215,instructions
1699054552.5993054,740762,branch-misses
1699054552.7072685,31032371,branches
1699054552.7072685,279924904,instructions
1699054552.7072685,2874759,branch-misses
1699054552.815209,30184651,branches
1699054552.815209,289589484,instructions
1699054552.815209,1028465,branch-misses
1699054552.9231856,12166385,branches
1699054552.9231856,145539171,instructions
1699054552.9231856,233304,branch-misses
1699054553.0272555,13460134,branches
1699054553.0272555,137882652,instructions
1699054553.0272555,341590,branch-misses
1699054553.1311855,15155557,branches
1699054553.1311855,144570807,instructions
1699054553.1311855,434472,branch-misses
1699054553.2350862,24132418,branches
1699054553.2350862,233794525,instructions
1699054553.2350862,950833,branch-misses
1699054553.3432238,24345699,branches
1699054553.3432238,234816367,instructions
1699054553.3432238,970832,branch-misses
1699054553.4474463,13188521,branches
1699054553.4474463,123408529,instructions
1699054553.4474463,276531,branch-misses
1699054553.5553005,15191156,branches
1699054553.5553005,142442362,instructions
1699054553.5553005,305901,branch-misses
1699054553.6593914,18841466,branches
1699054553.6593914,180355741,instructions
1699054553.6593914,561672,branch-misses
1699054553.767282,29099426,branches
1699054553.767282,277247096,instructions
1699054553.767282,1126233,branch-misses
1699054553.8753374,28798041,branches
1699054553.8753374,264500992,instructions
1699054553.8753374,1809060,branch-misses
1699054553.9833055,30278552,branches
1699054553.9833055,279427393,instructions
1699054553.9833055,1636285,branch-misses
1699054554.0913396,24519635,branches
1699054554.0913396,258310123,instructions
1699054554.0913396,681136,branch-misses
1699054554.1993518,17068743,branches
1699054554.1993518,161561659,instructions
1699054554.1993518,303045,branch-misses
1699054554.3032923,14192051,branches
1699054554.3032923,133316549,instructions
1699054554.3032923,507770,branch-misses
1699054554.4072297,21515603,branches
1699054554.4072297,198079351,instructions
1699054554.4072297,2376138,branch-misses
1699054554.5151975,27668741,branches
1699054554.5151975,271274845,instructions
1699054554.5151975,968303,branch-misses
1699054554.6231797,19542820,branches
1699054554.6231797,210579531,instructions
1699054554.6231797,455357,branch-misses
1699054554.7274463,15197525,branches
1699054554.7274463,145106536,instructions
1699054554.7274463,400816,branch-misses
1699054554.831222,16087635,branches
1699054554.831222,163519984,instructions
1699054554.831222,791101,branch-misses
1699054554.9392173,28569727,branches
1699054554.9392173,280838516,instructions
1699054554.9392173,998255,branch-misses
1699054555.0477118,29036065,branches
1699054555.0477118,275455890,instructions
1699054555.0477118,722290,branch-misses
1699054555.1552467,30760125,branches
1699054555.1552467,291810902,instructions
1699054555.1552467,715479,branch-misses
1699054555.263288,29872327,branches
1699054555.263288,286980594,instructions
1699054555.263288,948324,branch-misses
1699054555.3712986,28896657,branches
1699054555.3712986,275830272,instructions
1699054555.3712986,1046112,branch-misses
1699054555.4793887,29507448,branches
1699054555.4793887,263936509,instructions
1699054555.4793887,2465309,branch-misses
1699054555.587301,29680879,branches
1699054555.587301,280287666,instructions
1699054555.587301,1017165,branch-misses
1699054555.6952858,18916071,branches
1699054555.6952858,178634776,instructions
1699054555.6952858,553784,branch-misses
1699054555.7992735,14855383,branches
1699054555.7992735,139218004,instructions
1699054555.7992735,304011,branch-misses
1699054555.9032712,14778590,branches
1699054555.9032712,131937207,instructions
1699054555.9032712,1371268,branch-misses
1699054556.007324,19927095,branches
1699054556.007324,208074412,instructions
1699054556.007324,1465909,branch-misses
1699054556.1153247,19762723,branches
1699054556.1153247,201893709,instructions
1699054556.1153247,672050,branch-misses
1699054556.2193477,15181434,branches
1699054556.2193477,144625112,instructions
1699054556.2193477,439238,branch-misses
1699054556.323206,15249439,branches
1699054556.323206,144913809,instructions
1699054556.323206,459924,branch-misses
1699054556.4273388,17950508,branches
1699054556.4273388,200933356,instructions
1699054556.4273388,429085,branch-misses
1699054556.539419,26418546,branches
1699054556.539419,264347771,instructions
1699054556.539419,1175510,branch-misses
1699054556.647267,29893656,branches
1699054556.647267,287566830,instructions
1699054556.647267,858403,branch-misses
1699054556.7552454,30731594,branches
1699054556.7552454,291475327,instructions
1699054556.7552454,737809,branch-misses
1699054556.8632734,30243447,branches
1699054556.8632734,288478715,instructions
1699054556.8632734,727966,branch-misses
1699054556.971296,29375053,branches
1699054556.971296,279352673,instructions
1699054556.971296,1185609,branch-misses
1699054557.0793114,27879911,branches
1699054557.0793114,264865134,instructions
1699054557.0793114,758488,branch-misses
1699054557.1872978,16087439,branches
1699054557.1872978,152867665,instructions
1699054557.1872978,507264,branch-misses
1699054557.2912672,14871718,branches
1699054557.2912672,139346852,instructions
1699054557.2912672,302771,branch-misses
1699054557.4004319,18984351,branches
1699054557.4004319,171878096,instructions
1699054557.4004319,1104536,branch-misses
1699054557.507303,30519026,branches
1699054557.507303,279054325,instructions
1699054557.507303,1886083,branch-misses
1699054557.6152883,13102362,branches
1699054557.6152883,150619630,instructions
1699054557.6152883,719109,branch-misses
1699054557.7194498,11230814,branches
1699054557.7194498,121385501,instructions
1699054557.7194498,175877,branch-misses
1699054557.8233652,15156653,branches
1699054557.8233652,144466426,instructions
1699054557.8233652,447130,branch-misses
1699054557.927257,30810000,branches
1699054557.927257,275163396,instructions
1699054557.927257,2697616,branch-misses
1699054558.0351279,27633827,branches
1699054558.0351279,270771688,instructions
1699054558.0351279,929123,branch-misses
1699054558.1431906,23189448,branches
1699054558.1431906,260410082,instructions
1699054558.1431906,929069,branch-misses
1699054558.2513235,29928305,branches
1699054558.2513235,288354434,instructions
1699054558.2513235,981846,branch-misses
1699054558.3592834,30706955,branches
1699054558.3592834,291237649,instructions
1699054558.3592834,743754,branch-misses
1699054558.4672878,30757039,branches
1699054558.4672878,292119450,instructions
1699054558.4672878,713911,branch-misses
1699054558.575285,29566102,branches
1699054558.575285,283233684,instructions
1699054558.575285,1082196,branch-misses
1699054558.6833718,28426319,branches
1699054558.6833718,271266784,instructions
1699054558.6833718,860647,branch-misses
1699054558.7913616,16122058,branches
1699054558.7913616,150305626,instructions
1699054558.7913616,325104,branch-misses
1699054558.895269,14842564,branches
1699054558.895269,139148866,instructions
1699054558.895269,302765,branch-misses
1699054558.9992764,14843306,branches
1699054558.9992764,139057878,instructions
1699054558.9992764,301353,branch-misses
1699054559.1032913,26913652,branches
1699054559.1032913,239418449,instructions
1699054559.1032913,2635625,branch-misses
1699054559.2112615,20197153,branches
1699054559.2112615,191552192,instructions
1699054559.2112615,713930,branch-misses
1699054559.3153944,8172444,branches
1699054559.3153944,106254896,instructions
1699054559.3153944,127266,branch-misses
1699054559.4193988,13162407,branches
1699054559.4193988,135884613,instructions
1699054559.4193988,348842,branch-misses
1699054559.5232835,22505983,branches
1699054559.5232835,204578844,instructions
1699054559.5232835,2076265,branch-misses
1699054559.6311257,30476028,branches
1699054559.6311257,286495660,instructions
1699054559.6311257,1490373,branch-misses
1699054559.7397497,24417121,branches
1699054559.7397497,263682537,instructions
1699054559.7397497,912089,branch-misses
1699054559.847323,23315220,branches
1699054559.847323,234847891,instructions
1699054559.847323,965097,branch-misses
1699054559.9512432,15176134,branches
1699054559.9512432,144580496,instructions
1699054559.9512432,440481,branch-misses
1699054560.0551527,18947492,branches
1699054560.0551527,183063840,instructions
1699054560.0551527,600988,branch-misses
1699054560.163231,30380373,branches
1699054560.163231,293932538,instructions
1699054560.163231,709223,branch-misses
1699054560.2712662,29433348,branches
1699054560.2712662,277274199,instructions
1699054560.2712662,1219705,branch-misses
1699054560.379289,16139849,branches
1699054560.379289,151246029,instructions
1699054560.379289,356215,branch-misses
1699054560.483411,16137353,branches
1699054560.483411,153594752,instructions
1699054560.483411,354272,branch-misses
1699054560.5952897,29349757,branches
1699054560.5952897,271722468,instructions
1699054560.5952897,1658810,branch-misses
1699054560.7032871,30479731,branches
1699054560.7032871,279321786,instructions
1699054560.7032871,1825757,branch-misses
1699054560.8113077,24884398,branches
1699054560.8113077,261176890,instructions
1699054560.8113077,712838,branch-misses
1699054560.9194527,25466938,branches
1699054560.9194527,255605122,instructions
1699054560.9194527,475474,branch-misses
1699054561.0273235,30075291,branches
1699054561.0273235,283927919,instructions
1699054561.0273235,810474,branch-misses
1699054561.1352103,31583840,branches
1699054561.1352103,283317927,instructions
1699054561.1352103,2869097,branch-misses
1699054561.2431362,28033229,branches
1699054561.2431362,275062189,instructions
1699054561.2431362,952079,branch-misses
1699054561.351376,14755825,branches
1699054561.351376,179245726,instructions
1699054561.351376,486362,branch-misses
1699054561.4552217,15086974,branches
1699054561.4552217,145808581,instructions
1699054561.4552217,430387,branch-misses
1699054561.5591383,15161969,branches
1699054561.5591383,144496098,instructions
1699054561.5591383,434584,branch-misses
1699054561.6630864,22612185,branches
1699054561.6630864,215196203,instructions
1699054561.6630864,868011,branch-misses
1699054561.7712653,26701966,branches
1699054561.7712653,260650192,instructions
1699054561.7712653,1033693,branch-misses
1699054561.8754108,14967950,branches
1699054561.8754108,140334151,instructions
1699054561.8754108,306271,branch-misses
1699054561.97938,14967200,branches
1699054561.97938,140255059,instructions
1699054561.97938,304377,branch-misses
1699054562.0834,16579689,branches
1699054562.0834,155718876,instructions
1699054562.0834,404362,branch-misses
1699054562.1912887,28829761,branches
1699054562.1912887,275111687,instructions
1699054562.1912887,1011778,branch-misses
1699054562.299385,30184958,branches
1699054562.299385,269520689,instructions
1699054562.299385,2761520,branch-misses
1699054562.4097226,29551037,branches
1699054562.4097226,281055526,instructions
1699054562.4097226,899231,branch-misses
1699054562.5153458,21866493,branches
1699054562.5153458,238289214,instructions
1699054562.5153458,368115,branch-misses
1699054562.6232958,15447723,branches
1699054562.6232958,148881040,instructions
1699054562.6232958,313534,branch-misses
1699054562.7273445,14925282,branches
1699054562.7273445,132014160,instructions
1699054562.7273445,1526674,branch-misses
1699054562.8312442,25954893,branches
1699054562.8312442,243628968,instructions
1699054562.8312442,1569109,branch-misses
1699054562.9433658,26169286,branches
1699054562.9433658,277058432,instructions
1699054562.9433658,843759,branch-misses
1699054563.051325,20309802,branches
1699054563.051325,203581396,instructions
1699054563.051325,518491,branch-misses
1699054563.15535,14762374,branches
1699054563.15535,144058139,instructions
1699054563.15535,564388,branch-misses
1699054563.259216,17554869,branches
1699054563.259216,172234195,instructions
1699054563.259216,865204,branch-misses
1699054563.3671653,30611459,branches
1699054563.3671653,291826550,instructions
1699054563.3671653,799675,branch-misses
1699054563.4752812,30728287,branches
1699054563.4752812,291490861,instructions
1699054563.4752812,740644,branch-misses
1699054563.5832777,30759695,branches
1699054563.5832777,292213121,instructions
1699054563.5832777,713403,branch-misses
1699054563.691275,29472356,branches
1699054563.691275,282097255,instructions
1699054563.691275,1121094,branch-misses
1699054563.7993147,28869800,branches
1699054563.7993147,271230746,instructions
1699054563.7993147,1617576,branch-misses
1699054563.9072933,30663423,branches
1699054563.9072933,279019755,instructions
1699054563.9072933,2002186,branch-misses
1699054564.0153458,25533001,branches
1699054564.0153458,261990178,instructions
1699054564.0153458,744184,branch-misses
1699054564.1233075,17379012,branches
1699054564.1233075,170661568,instructions
1699054564.1233075,294550,branch-misses
1699054564.2272966,14897690,branches
1699054564.2272966,139626669,instructions
1699054564.2272966,306995,branch-misses
1699054564.3312936,15375406,branches
1699054564.3312936,129671164,instructions
1699054564.3312936,2386460,branch-misses
1699054564.4352937,20680567,branches
1699054564.4352937,210695623,instructions
1699054564.4352937,726613,branch-misses
1699054564.5432692,23254563,branches
1699054564.5432692,248725457,instructions
1699054564.5432692,606680,branch-misses
1699054564.6473882,15149931,branches
1699054564.6473882,144395007,instructions
1699054564.6473882,438374,branch-misses
1699054564.7511837,15193099,branches
1699054564.7511837,145146743,instructions
1699054564.7511837,408398,branch-misses
1699054564.8551657,14056164,branches
1699054564.8551657,137078824,instructions
1699054564.8551657,736167,branch-misses
1699054564.9592204,25505885,branches
1699054564.9592204,258575702,instructions
1699054564.9592204,904061,branch-misses
1699054565.0672894,30694723,branches
1699054565.0672894,291055919,instructions
1699054565.0672894,745999,branch-misses
1699054565.175262,30756068,branches
1699054565.175262,291725949,instructions
1699054565.175262,731745,branch-misses
1699054565.2833707,30436860,branches
1699054565.2833707,291833529,instructions
1699054565.2833707,846630,branch-misses
1699054565.3912914,29045350,branches
1699054565.3912914,276772879,instructions
1699054565.3912914,1121405,branch-misses
1699054565.4993231,30516360,branches
1699054565.4993231,274233503,instructions
1699054565.4993231,2763107,branch-misses
1699054565.6072965,22685007,branches
1699054565.6072965,214061278,instructions
1699054565.6072965,557901,branch-misses
1699054565.71129,14868866,branches
1699054565.71129,139302647,instructions
1699054565.71129,300563,branch-misses
1699054565.81527,14826327,branches
1699054565.81527,138923995,instructions
1699054565.81527,301060,branch-misses
1699054565.9192872,22317911,branches
1699054565.9192872,211007504,instructions
1699054565.9192872,763595,branch-misses
1699054566.0273647,23294007,branches
1699054566.0273647,235493736,instructions
1699054566.0273647,2542255,branch-misses
1699054566.1352556,18590090,branches
1699054566.1352556,188063893,instructions
1699054566.1352556,475040,branch-misses
1699054566.2392437,15170530,branches
1699054566.2392437,144659402,instructions
1699054566.2392437,437131,branch-misses
1699054566.343215,15224026,branches
1699054566.343215,145058754,instructions
1699054566.343215,413200,branch-misses
1699054566.4471831,24475904,branches
1699054566.4471831,241174732,instructions
1699054566.4471831,1047006,branch-misses
1699054566.5551867,23151274,branches
1699054566.5551867,259895389,instructions
1699054566.5551867,894679,branch-misses
1699054566.6633532,30635114,branches
1699054566.6633532,290703028,instructions
1699054566.6633532,768245,branch-misses
1699054566.7712607,30683886,branches
1699054566.7712607,291062930,instructions
1699054566.7712607,739539,branch-misses
1699054566.8792877,30754720,branches
1699054566.8792877,292070719,instructions
1699054566.8792877,715460,branch-misses
1699054566.9872522,29551213,branches
1699054566.9872522,283092365,instructions
1699054566.9872522,1083431,branch-misses
1699054567.0952747,23389726,branches
1699054567.0952747,224256416,instructions
1699054567.0952747,993348,branch-misses
1699054567.1992843,14870904,branches
1699054567.1992843,139346992,instructions
1699054567.1992843,304633,branch-misses
1699054567.3032641,14857148,branches
1699054567.3032641,139297628,instructions
1699054567.3032641,300580,branch-misses
1699054567.407281,22972398,branches
1699054567.407281,201174628,instructions
1699054567.407281,2169362,branch-misses
1699054567.5153491,27715488,branches
1699054567.5153491,262267006,instructions
1699054567.5153491,926327,branch-misses
1699054567.6233563,17213000,branches
1699054567.6233563,191243059,instructions
1699054567.6233563,661599,branch-misses
1699054567.7274601,12424463,branches
1699054567.7274601,130123326,instructions
1699054567.7274601,295424,branch-misses
1699054567.8313367,15158976,branches
1699054567.8313367,144430737,instructions
1699054567.8313367,437888,branch-misses
1699054567.9352582,22772232,branches
1699054567.9352582,201933448,instructions
1699054567.9352582,2263923,branch-misses
1699054568.0430965,29969816,branches
1699054568.0430965,288873080,instructions
1699054568.0430965,1192343,branch-misses
1699054568.1512802,22966159,branches
1699054568.1512802,247650557,instructions
1699054568.1512802,1092042,branch-misses
1699054568.2593634,27668864,branches
1699054568.2593634,277274011,instructions
1699054568.2593634,685510,branch-misses
1699054568.3672848,30725865,branches
1699054568.3672848,291497296,instructions
1699054568.3672848,739629,branch-misses
1699054568.4752867,30769820,branches
1699054568.4752867,291743341,instructions
1699054568.4752867,731252,branch-misses
1699054568.5832705,30399179,branches
1699054568.5832705,291567066,instructions
1699054568.5832705,857192,branch-misses
1699054568.6912987,26109782,branches
1699054568.6912987,248069909,instructions
1699054568.6912987,1042058,branch-misses
1699054568.795229,14444568,branches
1699054568.795229,136867772,instructions
1699054568.795229,371827,branch-misses
1699054568.8992972,14863959,branches
1699054568.8992972,139370036,instructions
1699054568.8992972,302873,branch-misses
1699054569.0032568,14730899,branches
1699054569.0032568,138029098,instructions
1699054569.0032568,297255,branch-misses
1699054569.10737,27888211,branches
1699054569.10737,248583413,instructions
1699054569.10737,2746105,branch-misses
1699054569.2153144,28705545,branches
1699054569.2153144,274270247,instructions
1699054569.2153144,858475,branch-misses
1699054569.3234,9143123,branches
1699054569.3234,120637116,instructions
1699054569.3234,122096,branch-misses
1699054569.4274015,15069208,branches
1699054569.4274015,146911996,instructions
1699054569.4274015,388731,branch-misses
1699054569.531217,15160017,branches
1699054569.531217,144503045,instructions
1699054569.531217,434908,branch-misses
1699054569.635166,26492701,branches
1699054569.635166,237838467,instructions
1699054569.635166,2712412,branch-misses
1699054569.743123,29298321,branches
1699054569.743123,284466215,instructions
1699054569.743123,1246762,branch-misses
1699054569.851189,13490631,branches
1699054569.851189,155873795,instructions
1699054569.851189,490367,branch-misses
1699054569.9553297,13038871,branches
1699054569.9553297,135213098,instructions
1699054569.9553297,333893,branch-misses
1699054570.0592241,26159960,branches
1699054570.0592241,252663913,instructions
1699054570.0592241,880274,branch-misses
1699054570.1672757,30742554,branches
1699054570.1672757,291400799,instructions
1699054570.1672757,733384,branch-misses
1699054570.275285,30278209,branches
1699054570.275285,290610484,instructions
1699054570.275285,872027,branch-misses
1699054570.3832886,23471393,branches
1699054570.3832886,221298668,instructions
1699054570.3832886,800076,branch-misses
1699054570.487403,14984921,branches
1699054570.487403,140456591,instructions
1699054570.487403,307525,branch-misses
1699054570.591461,22851172,branches
1699054570.591461,204253553,instructions
1699054570.591461,2709073,branch-misses
1699054570.699373,27864129,branches
1699054570.699373,264231961,instructions
1699054570.699373,862161,branch-misses
1699054570.807338,23282546,branches
1699054570.807338,248350653,instructions
1699054570.807338,524858,branch-misses
1699054570.9153802,27806766,branches
1699054570.9153802,274996600,instructions
1699054570.9153802,594872,branch-misses
1699054571.0233083,30445585,branches
1699054571.0233083,288737000,instructions
1699054571.0233083,740895,branch-misses
1699054571.1312869,30178886,branches
1699054571.1312869,283196520,instructions
1699054571.1312869,1384763,branch-misses
1699054571.2392318,31026732,branches
1699054571.2392318,286454975,instructions
1699054571.2392318,2402193,branch-misses
1699054571.3471432,13813109,branches
1699054571.3471432,144828805,instructions
1699054571.3471432,614459,branch-misses
1699054571.4511774,9995323,branches
1699054571.4511774,122908771,instructions
1699054571.4511774,143306,branch-misses
1699054571.555213,15143151,branches
1699054571.555213,144337402,instructions
1699054571.555213,454533,branch-misses
1699054571.6591237,25281504,branches
1699054571.6591237,242364583,instructions
1699054571.6591237,1046547,branch-misses
1699054571.7672257,30618089,branches
1699054571.7672257,292742407,instructions
1699054571.7672257,806008,branch-misses
1699054571.8752804,24383347,branches
1699054571.8752804,234067562,instructions
1699054571.8752804,764440,branch-misses
1699054571.9794846,14991063,branches
1699054571.9794846,140461654,instructions
1699054571.9794846,303874,branch-misses
1699054572.0833886,14990968,branches
1699054572.0833886,140478202,instructions
1699054572.0833886,306022,branch-misses
1699054572.1873674,16986974,branches
1699054572.1873674,158308973,instructions
1699054572.1873674,528939,branch-misses
1699054572.2954044,29920220,branches
1699054572.2954044,268194640,instructions
1699054572.2954044,3085501,branch-misses
1699054572.4033196,28015371,branches
1699054572.4033196,272338503,instructions
1699054572.4033196,848393,branch-misses
1699054572.5113277,20830979,branches
1699054572.5113277,230499437,instructions
1699054572.5113277,360681,branch-misses
1699054572.6187513,15323651,branches
1699054572.6187513,143531963,instructions
1699054572.6187513,313082,branch-misses
1699054572.7232895,14905460,branches
1699054572.7232895,139696788,instructions
1699054572.7232895,305439,branch-misses
1699054572.8272629,29024974,branches
1699054572.8272629,265501167,instructions
1699054572.8272629,2521803,branch-misses
1699054572.9352212,30114150,branches
1699054572.9352212,286974812,instructions
1699054572.9352212,1170678,branch-misses
1699054573.043174,24584713,branches
1699054573.043174,262851437,instructions
1699054573.043174,682590,branch-misses
1699054573.1512983,18107537,branches
1699054573.1512983,184475059,instructions
1699054573.1512983,698272,branch-misses
1699054573.2554393,13741612,branches
1699054573.2554393,132867312,instructions
1699054573.2554393,771558,branch-misses
1699054573.3594322,21238788,branches
1699054573.3594322,204341820,instructions
1699054573.3594322,421699,branch-misses
1699054573.467266,30686522,branches
1699054573.467266,291075951,instructions
1699054573.467266,767080,branch-misses
1699054573.5752895,30752195,branches
1699054573.5752895,291553015,instructions
1699054573.5752895,734468,branch-misses
1699054573.6832747,30644870,branches
1699054573.6832747,291826960,instructions
1699054573.6832747,726510,branch-misses
1699054573.7912793,27749444,branches
1699054573.7912793,258414605,instructions
1699054573.7912793,2188624,branch-misses
1699054573.8994663,29867332,branches
1699054573.8994663,277922802,instructions
1699054573.8994663,1921981,branch-misses
1699054574.007326,24765634,branches
1699054574.007326,260475657,instructions
1699054574.007326,705735,branch-misses
1699054574.1154358,16933570,branches
1699054574.1154358,161376937,instructions
1699054574.1154358,295833,branch-misses
1699054574.2192943,14837303,branches
1699054574.2192943,139025790,instructions
1699054574.2192943,301474,branch-misses
1699054574.32328,14821857,branches
1699054574.32328,138870534,instructions
1699054574.32328,305162,branch-misses
1699054574.4272776,22769964,branches
1699054574.4272776,212630859,instructions
1699054574.4272776,2606637,branch-misses
1699054574.5352383,30154991,branches
1699054574.5352383,289199595,instructions
1699054574.5352383,1093204,branch-misses
1699054574.6432538,20901919,branches
1699054574.6432538,226780521,instructions
1699054574.6432538,474079,branch-misses
1699054574.7473745,15173205,branches
1699054574.7473745,145093659,instructions
1699054574.7473745,421922,branch-misses
1699054574.8512402,14002888,branches
1699054574.8512402,135964680,instructions
1699054574.8512402,795384,branch-misses
1699054574.9553447,15201877,branches
1699054574.9553447,148780939,instructions
1699054574.9553447,569272,branch-misses
1699054575.063285,28876448,branches
1699054575.063285,283537241,instructions
1699054575.063285,661092,branch-misses
1699054575.17128,30721421,branches
1699054575.17128,291533098,instructions
1699054575.17128,744377,branch-misses
1699054575.279301,30268041,branches
1699054575.279301,286936537,instructions
1699054575.279301,718048,branch-misses
1699054575.3873522,28346261,branches
1699054575.3873522,272331693,instructions
1699054575.3873522,869636,branch-misses
1699054575.4953065,29691107,branches
1699054575.4953065,268796538,instructions
1699054575.4953065,3179931,branch-misses
1699054575.6033006,23294750,branches
1699054575.6033006,219747304,instructions
1699054575.6033006,609125,branch-misses
1699054575.7072704,14874923,branches
1699054575.7072704,139492410,instructions
1699054575.7072704,300661,branch-misses
1699054575.8112626,14836252,branches
1699054575.8112626,139005831,instructions
1699054575.8112626,300824,branch-misses
1699054575.9153485,22672021,branches
1699054575.9153485,215703923,instructions
1699054575.9153485,709269,branch-misses
1699054576.023305,22097334,branches
1699054576.023305,236811810,instructions
1699054576.023305,920656,branch-misses
1699054576.1312492,29836789,branches
1699054576.1312492,279748610,instructions
1699054576.1312492,2297733,branch-misses
1699054576.2391646,16218542,branches
1699054576.2391646,154861765,instructions
1699054576.2391646,482698,branch-misses
1699054576.3431995,15215312,branches
1699054576.3431995,144951838,instructions
1699054576.3431995,418353,branch-misses
1699054576.447194,16507157,branches
1699054576.447194,161741113,instructions
1699054576.447194,668937,branch-misses
1699054576.5551174,23744472,branches
1699054576.5551174,255270392,instructions
1699054576.5551174,1193616,branch-misses
1699054576.663445,26575073,branches
1699054576.663445,265831980,instructions
1699054576.663445,522385,branch-misses
1699054576.771269,30541310,branches
1699054576.771269,289687035,instructions
1699054576.771269,749856,branch-misses
1699054576.879264,29377311,branches
1699054576.879264,278551123,instructions
1699054576.879264,712110,branch-misses
1699054576.9874065,29530021,branches
1699054576.9874065,282875336,instructions
1699054576.9874065,701984,branch-misses
1699054577.0952902,26447868,branches
1699054577.0952902,251378179,instructions
1699054577.0952902,1357573,branch-misses
1699054577.1993215,14327123,branches
1699054577.1993215,138299058,instructions
1699054577.1993215,449787,branch-misses
1699054577.3032851,14859908,branches
1699054577.3032851,139313928,instructions
1699054577.3032851,303829,branch-misses
1699054577.4072664,18340764,branches
1699054577.4072664,167249216,instructions
1699054577.4072664,934120,branch-misses
1699054577.5152807,30652849,branches
1699054577.5152807,278843941,instructions
1699054577.5152807,1997119,branch-misses
1699054577.6233249,25404577,branches
1699054577.6233249,260495780,instructions
1699054577.6233249,749278,branch-misses
1699054577.7312996,13704421,branches
1699054577.7312996,150883395,instructions
1699054577.7312996,466634,branch-misses
1699054577.8353832,15140815,branches
1699054577.8353832,144310616,instructions
1699054577.8353832,449734,branch-misses
1699054577.9392133,15166283,branches
1699054577.9392133,144485420,instructions
1699054577.9392133,439895,branch-misses
1699054578.0431795,28835144,branches
1699054578.0431795,258503661,instructions
1699054578.0431795,2617359,branch-misses
1699054578.1511085,27862890,branches
1699054578.1511085,272243268,instructions
1699054578.1511085,1349775,branch-misses
1699054578.259193,14665503,branches
1699054578.259193,176068644,instructions
1699054578.259193,502456,branch-misses
1699054578.3632483,15077107,branches
1699054578.3632483,147109797,instructions
1699054578.3632483,388086,branch-misses
1699054578.4671693,22454672,branches
1699054578.4671693,214537602,instructions
1699054578.4671693,579144,branch-misses
1699054578.5753777,30108137,branches
1699054578.5753777,285623906,instructions
1699054578.5753777,708083,branch-misses
1699054578.6832912,29841690,branches
1699054578.6832912,286673089,instructions
1699054578.6832912,966277,branch-misses
1699054578.7912912,26290429,branches
1699054578.7912912,249890550,instructions
1699054578.7912912,971005,branch-misses
1699054578.8954055,14984668,branches
1699054578.8954055,140433377,instructions
1699054578.8954055,309513,branch-misses
1699054578.9993954,18910306,branches
1699054578.9993954,164310920,instructions
1699054578.9993954,2471141,branch-misses
1699054579.1073036,29647205,branches
1699054579.1073036,281578718,instructions
1699054579.1073036,904938,branch-misses
1699054579.2152805,22463820,branches
1699054579.2152805,241994890,instructions
1699054579.2152805,404756,branch-misses
1699054579.3232985,28688326,branches
1699054579.3232985,281605891,instructions
1699054579.3232985,663768,branch-misses
1699054579.4312794,30393966,branches
1699054579.4312794,288404868,instructions
1699054579.4312794,736782,branch-misses
1699054579.5393097,31042568,branches
1699054579.5393097,281604606,instructions
1699054579.5393097,2529921,branch-misses
1699054579.6472046,29686460,branches
1699054579.6472046,285371733,instructions
1699054579.6472046,1389931,branch-misses
1699054579.75517,12941016,branches
1699054579.75517,150577942,instructions
1699054579.75517,529450,branch-misses
1699054579.859394,12172277,branches
1699054579.859394,128247489,instructions
1699054579.859394,257279,branch-misses
1699054579.963257,15150923,branches
1699054579.963257,144347226,instructions
1699054579.963257,439104,branch-misses
1699054580.0672948,24820200,branches
1699054580.0672948,238374776,instructions
1699054580.0672948,1003528,branch-misses
1699054580.175341,30444942,branches
1699054580.175341,293798124,instructions
1699054580.175341,758124,branch-misses
1699054580.283285,23688118,branches
1699054580.283285,223775930,instructions
1699054580.283285,817203,branch-misses
1699054580.3874118,15015537,branches
1699054580.3874118,140692323,instructions
1699054580.3874118,304598,branch-misses
1699054580.4914098,14982347,branches
1699054580.4914098,140399559,instructions
1699054580.4914098,307084,branch-misses
1699054580.5953748,19692065,branches
1699054580.5953748,180761558,instructions
1699054580.5953748,1407608,branch-misses
1699054580.7032318,30213430,branches
1699054580.7032318,278565844,instructions
1699054580.7032318,2147724,branch-misses
1699054580.8112984,25174355,branches
1699054580.8112984,257383968,instructions
1699054580.8112984,749211,branch-misses
1699054580.919315,25231346,branches
1699054580.919315,259849990,instructions
1699054580.919315,460819,branch-misses
1699054581.0273042,30474690,branches
1699054581.0273042,289052262,instructions
1699054581.0273042,752948,branch-misses
1699054581.135271,30535939,branches
1699054581.135271,289514169,instructions
1699054581.135271,742516,branch-misses
1699054581.243324,30839070,branches
1699054581.243324,278658648,instructions
1699054581.243324,2905291,branch-misses
1699054581.351201,21061448,branches
1699054581.351201,206174824,instructions
1699054581.351201,965582,branch-misses
1699054581.4551792,7631752,branches
1699054581.4551792,105046451,instructions
1699054581.4551792,95063,branch-misses
1699054581.5592535,14462917,branches
1699054581.5592535,143556328,instructions
1699054581.5592535,357047,branch-misses
1699054581.6632829,20642707,branches
1699054581.6632829,196766237,instructions
1699054581.6632829,777249,branch-misses
1699054581.7713313,29964034,branches
1699054581.7713313,288256476,instructions
1699054581.7713313,975501,branch-misses
1699054581.8792975,29106489,branches
1699054581.8792975,279488812,instructions
1699054581.8792975,894954,branch-misses
1699054581.9834497,14994758,branches
1699054581.9834497,140552095,instructions
1699054581.9834497,304012,branch-misses
1699054582.0874124,15004305,branches
1699054582.0874124,140580006,instructions
1699054582.0874124,304796,branch-misses
1699054582.1913903,14985433,branches
1699054582.1913903,140452248,instructions
1699054582.1913903,308089,branch-misses
1699054582.2953951,27134041,branches
1699054582.2953951,243695349,instructions
1699054582.2953951,3098603,branch-misses
1699054582.4032364,29475493,branches
1699054582.4032364,281254705,instructions
1699054582.4032364,920589,branch-misses
1699054582.5114005,22663628,branches
1699054582.5114005,243221356,instructions
1699054582.5114005,425789,branch-misses
1699054582.6193206,16447053,branches
1699054582.6193206,160880269,instructions
1699054582.6193206,364246,branch-misses
1699054582.7232769,14874903,branches
1699054582.7232769,139378499,instructions
1699054582.7232769,303809,branch-misses
1699054582.8307083,24597422,branches
1699054582.8307083,235612253,instructions
1699054582.8307083,964380,branch-misses
1699054582.9392202,31558138,branches
1699054582.9392202,285688095,instructions
1699054582.9392202,2480661,branch-misses
1699054583.0471268,26884114,branches
1699054583.0471268,268182542,instructions
1699054583.0471268,926176,branch-misses
1699054583.155159,20980032,branches
1699054583.155159,229459328,instructions
1699054583.155159,623965,branch-misses
1699054583.2593813,13447971,branches
1699054583.2593813,129499357,instructions
1699054583.2593813,796214,branch-misses
1699054583.3633614,15911512,branches
1699054583.3633614,152881061,instructions
1699054583.3633614,403203,branch-misses
1699054583.4712493,30628115,branches
1699054583.4712493,293061200,instructions
1699054583.4712493,710202,branch-misses
1699054583.5792763,30748935,branches
1699054583.5792763,291581538,instructions
1699054583.5792763,738276,branch-misses
1699054583.6872602,30755275,branches
1699054583.6872602,291838592,instructions
1699054583.6872602,719239,branch-misses
1699054583.7957373,29033232,branches
1699054583.7957373,278703905,instructions
1699054583.7957373,1327767,branch-misses
1699054583.90331,30378744,branches
1699054583.90331,274580351,instructions
1699054583.90331,2822529,branch-misses
1699054584.0113287,26661084,branches
1699054584.0113287,259312604,instructions
1699054584.0113287,800879,branch-misses
1699054584.119302,17254215,branches
1699054584.119302,185644216,instructions
1699054584.119302,292816,branch-misses
1699054584.223282,14825977,branches
1699054584.223282,138896888,instructions
1699054584.223282,302246,branch-misses
1699054584.3272696,14839293,branches
1699054584.3272696,139069544,instructions
1699054584.3272696,303568,branch-misses
1699054584.4312563,20643700,branches
1699054584.4312563,193170528,instructions
1699054584.4312563,2078086,branch-misses
1699054584.5392346,30266212,branches
1699054584.5392346,287635117,instructions
1699054584.5392346,1342679,branch-misses
1699054584.6471772,24737621,branches
1699054584.6471772,263773703,instructions
1699054584.6471772,764873,branch-misses
1699054584.7553463,16556539,branches
1699054584.7553463,158856475,instructions
1699054584.7553463,415268,branch-misses
1699054584.8593476,14107646,branches
1699054584.8593476,137691938,instructions
1699054584.8593476,728562,branch-misses
1699054584.9633033,14044381,branches
1699054584.9633033,135630745,instructions
1699054584.9633033,647972,branch-misses
1699054585.067423,24274115,branches
1699054585.067423,241173696,instructions
1699054585.067423,521083,branch-misses
1699054585.175356,30693529,branches
1699054585.175356,291119876,instructions
1699054585.175356,766480,branch-misses
1699054585.2832778,30725428,branches
1699054585.2832778,291321493,instructions
1699054585.2832778,755994,branch-misses
1699054585.391262,30542210,branches
1699054585.391262,292258649,instructions
1699054585.391262,738649,branch-misses
1699054585.499267,29900043,branches
1699054585.499267,269120862,instructions
1699054585.499267,3260351,branch-misses
1699054585.6072462,19320892,branches
1699054585.6072462,181254400,instructions
1699054585.6072462,630819,branch-misses
1699054585.7113013,14919770,branches
1699054585.7113013,139869920,instructions
1699054585.7113013,304366,branch-misses
1699054585.8152778,14852100,branches
1699054585.8152778,139155542,instructions
1699054585.8152778,301701,branch-misses
1699054585.9192808,27388745,branches
1699054585.9192808,265337048,instructions
1699054585.9192808,846883,branch-misses
1699054586.02733,21851118,branches
1699054586.02733,239362982,instructions
1699054586.02733,373715,branch-misses
1699054586.1353111,30217088,branches
1699054586.1353111,278109312,instructions
1699054586.1353111,2844036,branch-misses
1699054586.2432306,17763124,branches
1699054586.2432306,164804868,instructions
1699054586.2432306,515597,branch-misses
1699054586.3474088,15119138,branches
1699054586.3474088,144055447,instructions
1699054586.3474088,420586,branch-misses
1699054586.451338,15901752,branches
1699054586.451338,157295046,instructions
1699054586.451338,635680,branch-misses
1699054586.5592546,26296311,branches
1699054586.5592546,259494010,instructions
1699054586.5592546,1293220,branch-misses
1699054586.6673098,23495605,branches
1699054586.6673098,258081979,instructions
1699054586.6673098,395015,branch-misses
1699054586.775289,30114161,branches
1699054586.775289,286269677,instructions
1699054586.775289,768783,branch-misses
1699054586.8814673,29764386,branches
1699054586.8814673,282215307,instructions
1699054586.8814673,725975,branch-misses
1699054586.9873097,30627124,branches
1699054586.9873097,290660915,instructions
1699054586.9873097,713839,branch-misses
1699054587.0952983,23849203,branches
1699054587.0952983,228327462,instructions
1699054587.0952983,970995,branch-misses
1699054587.1992447,13932672,branches
1699054587.1992447,134555229,instructions
1699054587.1992447,639443,branch-misses
1699054587.3032868,14887358,branches
1699054587.3032868,139481243,instructions
1699054587.3032868,306556,branch-misses
1699054587.4072895,21105560,branches
1699054587.4072895,191103199,instructions
1699054587.4072895,1649868,branch-misses
1699054587.5152729,30167844,branches
1699054587.5152729,279152780,instructions
1699054587.5152729,1551769,branch-misses
1699054587.6233191,24318479,branches
1699054587.6233191,256637128,instructions
1699054587.6233191,663885,branch-misses
1699054587.7313652,18928251,branches
1699054587.7313652,191629897,instructions
1699054587.7313652,443285,branch-misses
1699054587.8354821,15080283,branches
1699054587.8354821,143578185,instructions
1699054587.8354821,444210,branch-misses
1699054587.9399314,15107426,branches
1699054587.9399314,143897462,instructions
1699054587.9399314,430343,branch-misses
1699054588.0433302,23837506,branches
1699054588.0433302,213932399,instructions
1699054588.0433302,2484481,branch-misses
1699054588.1511168,28687841,branches
1699054588.1511168,276587369,instructions
1699054588.1511168,1479055,branch-misses
1699054588.2592123,11402605,branches
1699054588.2592123,137849611,instructions
1699054588.2592123,402416,branch-misses
1699054588.363309,12410430,branches
1699054588.363309,130032074,instructions
1699054588.363309,293781,branch-misses
1699054588.4672904,28678563,branches
1699054588.4672904,274061436,instructions
1699054588.4672904,801087,branch-misses
1699054588.5752783,30734810,branches
1699054588.5752783,291523565,instructions
1699054588.5752783,737460,branch-misses
1699054588.683347,30396431,branches
1699054588.683347,291321129,instructions
1699054588.683347,833936,branch-misses
1699054588.7913063,28607175,branches
1699054588.7913063,272507997,instructions
1699054588.7913063,1092011,branch-misses
1699054588.896171,14833602,branches
1699054588.896171,137724613,instructions
1699054588.896171,342566,branch-misses
1699054588.9993448,16933486,branches
1699054588.9993448,144148883,instructions
1699054588.9993448,2549924,branch-misses
1699054589.1072001,28312224,branches
1699054589.1072001,274436934,instructions
1699054589.1072001,888183,branch-misses
1699054589.2153933,22218618,branches
1699054589.2153933,245178457,instructions
1699054589.2153933,377979,branch-misses
1699054589.3233109,30422472,branches
1699054589.3233109,291335034,instructions
1699054589.3233109,709719,branch-misses
1699054589.4313564,28174670,branches
1699054589.4313564,267211976,instructions
1699054589.4313564,696877,branch-misses
1699054589.5393589,30235736,branches
1699054589.5393589,285585340,instructions
1699054589.5393589,766062,branch-misses
1699054589.6472445,30423584,branches
1699054589.6472445,275213451,instructions
1699054589.6472445,3141713,branch-misses
1699054589.7551723,13390910,branches
1699054589.7551723,133925003,instructions
1699054589.7551723,588194,branch-misses
1699054589.8592007,7816669,branches
1699054589.8592007,108748479,instructions
1699054589.8592007,102573,branch-misses
1699054589.963243,15086985,branches
1699054589.963243,146910641,instructions
1699054589.963243,394539,branch-misses
1699054590.0671618,28177418,branches
1699054590.0671618,271440035,instructions
1699054590.0671618,1083749,branch-misses
1699054590.1752784,30781121,branches
1699054590.1752784,291928092,instructions
1699054590.1752784,722845,branch-misses
1699054590.2832763,29793990,branches
1699054590.2832763,286180148,instructions
1699054590.2832763,981010,branch-misses
1699054590.3913019,16539798,branches
1699054590.3913019,155078470,instructions
1699054590.3913019,382501,branch-misses
1699054590.4954607,14983895,branches
1699054590.4954607,140435181,instructions
1699054590.4954607,306357,branch-misses
1699054590.5993962,15371643,branches
1699054590.5993962,131278762,instructions
1699054590.5993962,2113541,branch-misses
1699054590.7033765,25400052,branches
1699054590.7033765,243123960,instructions
1699054590.7033765,1350399,branch-misses
1699054590.8113453,23792759,branches
1699054590.8113453,252178638,instructions
1699054590.8113453,610959,branch-misses
1699054590.9193594,26518700,branches
1699054590.9193594,263805319,instructions
1699054590.9193594,545746,branch-misses
1699054591.0316203,29972493,branches
1699054591.0316203,284235708,instructions
1699054591.0316203,741743,branch-misses
1699054591.1392984,30500669,branches
1699054591.1392984,289205188,instructions
1699054591.1392984,742505,branch-misses
1699054591.2472777,27735242,branches
1699054591.2472777,264637615,instructions
1699054591.2472777,1307669,branch-misses
1699054591.351212,15558557,branches
1699054591.351212,134456584,instructions
1699054591.351212,1828616,branch-misses
1699054591.4551225,11339081,branches
1699054591.4551225,115966592,instructions
1699054591.4551225,497881,branch-misses
1699054591.5591564,12405682,branches
1699054591.5591564,149224407,instructions
1699054591.5591564,316469,branch-misses
1699054591.6712222,29263125,branches
1699054591.6712222,281390143,instructions
1699054591.6712222,1272927,branch-misses
1699054591.7792528,30604118,branches
1699054591.7792528,292055994,instructions
1699054591.7792528,822420,branch-misses
1699054591.8872685,30734092,branches
1699054591.8872685,292084428,instructions
1699054591.8872685,712568,branch-misses
1699054591.9952657,17874503,branches
1699054591.9952657,172345561,instructions
1699054591.9952657,372699,branch-misses
1699054592.0994213,14916153,branches
1699054592.0994213,139769561,instructions
1699054592.0994213,304999,branch-misses
1699054592.2034245,14282671,branches
1699054592.2034245,134076536,instructions
1699054592.2034245,525042,branch-misses
1699054592.3073463,26341963,branches
1699054592.3073463,231102362,instructions
1699054592.3073463,2932777,branch-misses
1699054592.4151847,26512766,branches
1699054592.4151847,261366223,instructions
1699054592.4151847,1080690,branch-misses
1699054592.5233257,17934761,branches
1699054592.5233257,196139606,instructions
1699054592.5233257,321800,branch-misses
1699054592.6273088,14104092,branches
1699054592.6273088,132188118,instructions
1699054592.6273088,287147,branch-misses
1699054592.7313118,15892794,branches
1699054592.7313118,152551957,instructions
1699054592.7313118,326700,branch-misses
1699054592.842682,30273715,branches
1699054592.842682,292991003,instructions
1699054592.842682,689316,branch-misses
1699054592.951331,31023923,branches
1699054592.951331,281941325,instructions
1699054592.951331,2497446,branch-misses
1699054593.059221,30313549,branches
1699054593.059221,287436779,instructions
1699054593.059221,1249643,branch-misses
1699054593.1672623,23859021,branches
1699054593.1672623,259363779,instructions
1699054593.1672623,954501,branch-misses
1699054593.2753506,16930415,branches
1699054593.2753506,165683662,instructions
1699054593.2753506,781193,branch-misses
1699054593.3794403,15007548,branches
1699054593.3794403,140583232,instructions
1699054593.3794403,309306,branch-misses
1699054593.4833963,20057223,branches
1699054593.4833963,198821704,instructions
1699054593.4833963,382678,branch-misses
1699054593.59129,30687129,branches
1699054593.59129,291018581,instructions
1699054593.59129,778715,branch-misses
1699054593.6992776,30735478,branches
1699054593.6992776,291455992,instructions
1699054593.6992776,745675,branch-misses
1699054593.8072484,31159241,branches
1699054593.8072484,283260352,instructions
1699054593.8072484,2513257,branch-misses
1699054593.9152148,28940455,branches
1699054593.9152148,277326681,instructions
1699054593.9152148,1608899,branch-misses
1699054594.0269046,21451032,branches
1699054594.0269046,231876103,instructions
1699054594.0269046,803009,branch-misses
1699054594.1313722,12737825,branches
1699054594.1313722,119201110,instructions
1699054594.1313722,263371,branch-misses
1699054594.2352934,14860774,branches
1699054594.2352934,139329578,instructions
1699054594.2352934,301663,branch-misses
1699054594.3394318,16535374,branches
1699054594.3394318,157426919,instructions
1699054594.3394318,305075,branch-misses
1699054594.4474323,27163707,branches
1699054594.4474323,269790303,instructions
1699054594.4474323,558796,branch-misses
1699054594.5552752,31244520,branches
1699054594.5552752,281717771,instructions
1699054594.5552752,2781662,branch-misses
1699054594.6632164,30039011,branches
1699054594.6632164,287412078,instructions
1699054594.6632164,1035758,branch-misses
1699054594.7711363,21303202,branches
1699054594.7711363,231559349,instructions
1699054594.7711363,734909,branch-misses
1699054594.8752725,13479542,branches
1699054594.8752725,130235853,instructions
1699054594.8752725,807370,branch-misses
1699054594.9792566,14815020,branches
1699054594.9792566,140487295,instructions
1699054594.9792566,395530,branch-misses
1699054595.083446,16098076,branches
1699054595.083446,153269401,instructions
1699054595.083446,299629,branch-misses
1699054595.1913757,27233711,branches
1699054595.1913757,270563616,instructions
1699054595.1913757,556207,branch-misses
1699054595.2992857,30708375,branches
1699054595.2992857,291193903,instructions
1699054595.2992857,762935,branch-misses
1699054595.4072645,30411950,branches
1699054595.4072645,287098428,instructions
1699054595.4072645,786053,branch-misses
1699054595.515213,27324780,branches
1699054595.515213,249368839,instructions
1699054595.515213,2839789,branch-misses
1699054595.619139,13731564,branches
1699054595.619139,130382915,instructions
1699054595.619139,820867,branch-misses
1699054595.7233,13588500,branches
1699054595.7233,131330293,instructions
1699054595.7233,396474,branch-misses
1699054595.827363,21358254,branches
1699054595.827363,200604556,instructions
1699054595.827363,446571,branch-misses
1699054595.935301,26080385,branches
1699054595.935301,260347268,instructions
1699054595.935301,782048,branch-misses
1699054596.0432827,24639184,branches
1699054596.0432827,260508288,instructions
1699054596.0432827,433686,branch-misses
1699054596.151297,30530681,branches
1699054596.151297,289562447,instructions
1699054596.151297,764951,branch-misses
1699054596.259247,29557426,branches
1699054596.259247,266135757,instructions
1699054596.259247,2873020,branch-misses
1699054596.3633249,15195878,branches
1699054596.3633249,145312752,instructions
1699054596.3633249,409174,branch-misses
1699054596.4671807,13962386,branches
1699054596.4671807,135870660,instructions
1699054596.4671807,790543,branch-misses
1699054596.5712087,17994259,branches
1699054596.5712087,169856895,instructions
1699054596.5712087,643801,branch-misses
1699054596.6792681,27734669,branches
1699054596.6792681,269168952,instructions
1699054596.6792681,838207,branch-misses
1699054596.7873013,23153328,branches
1699054596.7873013,254679913,instructions
1699054596.7873013,390723,branch-misses
1699054596.8952777,30674435,branches
1699054596.8952777,292271774,instructions
1699054596.8952777,745966,branch-misses
1699054597.0033128,30724944,branches
1699054597.0033128,291358559,instructions
1699054597.0033128,750527,branch-misses
1699054597.1113083,18255741,branches
1699054597.1113083,172872696,instructions
1699054597.1113083,464890,branch-misses
1699054597.2152083,14096294,branches
1699054597.2152083,137655023,instructions
1699054597.2152083,709673,branch-misses
1699054597.3193088,13820532,branches
1699054597.3193088,133530896,instructions
1699054597.3193088,656885,branch-misses
1699054597.4233181,27802991,branches
1699054597.4233181,247975486,instructions
1699054597.4233181,2702297,branch-misses
1699054597.5313048,29676688,branches
1699054597.5313048,282171806,instructions
1699054597.5313048,900913,branch-misses
1699054597.6393166,22200004,branches
1699054597.6393166,240033677,instructions
1699054597.6393166,394632,branch-misses
1699054597.7473319,29006288,branches
1699054597.7473319,283933241,instructions
1699054597.7473319,626025,branch-misses
1699054597.8552716,22402921,branches
1699054597.8552716,211865173,instructions
1699054597.8552716,586348,branch-misses
1699054597.9593542,15196392,branches
1699054597.9593542,144774938,instructions
1699054597.9593542,416319,branch-misses
1699054598.0631785,14632943,branches
1699054598.0631785,142930320,instructions
1699054598.0631785,589606,branch-misses
1699054598.1671996,18143973,branches
1699054598.1671996,163533549,instructions
1699054598.1671996,2376589,branch-misses
1699054598.2711253,14639371,branches
1699054598.2711253,135335282,instructions
1699054598.2711253,977054,branch-misses
1699054598.3751774,13796705,branches
1699054598.3751774,159241595,instructions
1699054598.3751774,526579,branch-misses
1699054598.4834344,26866600,branches
1699054598.4834344,267451474,instructions
1699054598.4834344,537426,branch-misses
1699054598.5912747,28189694,branches
1699054598.5912747,267230471,instructions
1699054598.5912747,696157,branch-misses
