episode-return, value-loss, policy-loss, old-approx-kl, approx-kl, clip-fraction, explained-variance
-1106.4300537109375, 1487489859584.0, -1431099.0, 0.13410331308841705, 0.026003258302807808, 0.41392543807364346, 0.0026566386222839355
-1118.93994140625, 9307999232.0, -121890.4609375, 0.08552661538124084, 0.011793632991611958, 0.3883406431005712, -0.0040433406829833984
-1138.161865234375, 1656934400.0, 38765.85546875, 0.1309528946876526, 0.02021622657775879, 0.40131578947368424, -0.03390049934387207
-1108.9639892578125, 2659655168.0, 55188.61328125, 0.11567359417676926, 0.01857253909111023, 0.4170321639169726, -0.03328144550323486
-1118.19580078125, 2386744064.0, 53646.6875, 0.08155020326375961, 0.021501896902918816, 0.3735380112602, -0.02277684211730957
-1123.8919677734375, 1569091072.0, 40104.19140625, 0.14491061866283417, 0.024470694363117218, 0.3647660816970624, -0.05690491199493408
-1116.941650390625, 2068269696.0, 52753.11328125, 0.05966895446181297, 0.015406705439090729, 0.41465643257425544, -0.03287827968597412
-1112.006103515625, 2268988416.0, 55010.015625, 0.14854814112186432, 0.02772693522274494, 0.3717105263157895, -0.03288877010345459
-1126.51806640625, 5050012672.0, -83217.3515625, 0.10441750288009644, 0.018936334177851677, 0.39053362555671156, -0.006687045097351074
-1120.4820556640625, 66455040000.0, 331361.78125, 0.10610238462686539, 0.02062862180173397, 0.40807748520583437, -0.01979243755340576
-1108.3739013671875, 406259597312.0, -801366.8125, 0.05270042642951012, 0.008317952044308186, 0.40789473710352914, -0.003656744956970215
-1095.031982421875, 1974838755328.0, 1778107.625, 0.11799747496843338, 0.019539115950465202, 0.36951754385964913, -0.0037065744400024414
-1118.89208984375, 2330230784000.0, -1811352.125, 0.12167563289403915, 0.019112369045615196, 0.3797514621625867, 0.0012084245681762695
-1104.35595703125, 1093037916160.0, 1389813.5, 0.09260156750679016, 0.01420509535819292, 0.4091739759110568, 0.0043975114822387695
-1126.072021484375, 85076008960.0, -350158.125, 0.13256855309009552, 0.02123122476041317, 0.4031432746795186, 0.004747211933135986
-1114.8798828125, 24166918144.0, 209731.421875, 0.15984635055065155, 0.03744429722428322, 0.38559941555324356, 0.0010966658592224121
-1100.9720458984375, 4724566528.0, -86721.3203125, 0.07863228768110275, 0.01895362138748169, 0.4133771929824561, -0.0027511119842529297
-1110.4820556640625, 1272337792.0, 46992.67578125, 0.04456505551934242, 0.014909394085407257, 0.37774122807017546, -0.024674177169799805
-1106.4300537109375, 151652864.0, 593.6575927734375, 0.13486026227474213, 0.020701734349131584, 0.35617690023623017, -0.040696144104003906
-1112.553955078125, 80737072.0, 5473.990234375, 0.09135458618402481, 0.013804656453430653, 0.38760964912280704, -0.07333874702453613
-1100.5560302734375, 391847840.0, -21792.380859375, 0.09201238304376602, 0.013126194477081299, 0.39747807043686245, -0.03407013416290283
-1119.64990234375, 734227968.0, 33715.765625, 0.14856892824172974, 0.025302745401859283, 0.36915204634791926, -0.014691591262817383
-1110.5360107421875, 423317856.0, -23450.892578125, 0.14169356226921082, 0.023018063977360725, 0.4077119879555284, 0.020269274711608887
-1133.6497802734375, 882181568.0, 36521.4375, 0.13060800731182098, 0.02286418527364731, 0.3918128654099347, -0.02879345417022705
-1120.256103515625, 291874112.0, 18005.455078125, 0.10777455568313599, 0.01682625152170658, 0.3823099416076091, -0.03467142581939697
-1116.3079833984375, 115735296.0, 748.6596069335938, 0.17639721930027008, 0.031079253181815147, 0.4020467834514484, -0.03946399688720703
-1123.7479248046875, 429610080.0, 16603.109375, 0.16772805154323578, 0.0285834651440382, 0.4027777779520604, -0.045966148376464844
-1115.4998779296875, 506344096.0, 25261.0625, 0.14522378146648407, 0.024543382227420807, 0.38596491228070173, -0.0494542121887207
-1122.941650390625, 130955304.0, 7993.927734375, 0.07844159752130508, 0.014085575938224792, 0.3786549709345165, -0.036025404930114746
-1116.8961181640625, 304018912.0, -16277.1318359375, 0.06932114064693451, 0.011199030093848705, 0.3947368418438393, -0.032238006591796875
-1116.318115234375, 112690688.0, -10482.6328125, 0.08001302927732468, 0.014751416631042957, 0.3890716376011832, -0.04282855987548828
-1118.239990234375, 462397408.0, 23419.603515625, 0.06974442303180695, 0.01439774502068758, 0.3779239769567523, -0.03596663475036621
-1130.1221923828125, 599777472.0, -25197.451171875, 0.1572011113166809, 0.02281709760427475, 0.40222953286087304, -0.04802978038787842
-1108.926025390625, 57789780.0, -1870.3104248046875, 0.1512497216463089, 0.02582075260579586, 0.3923611112853937, -0.05828249454498291
-1115.7958984375, 164355984.0, 6789.61376953125, 0.13299033045768738, 0.0229323860257864, 0.40497076040820074, -0.04135918617248535
-1125.196044921875, 242973904.0, 11594.890625, 0.20471107959747314, 0.03331470862030983, 0.40003654935903715, -0.0623856782913208
-1123.4281005859375, 304549888.0, 19324.865234375, 0.12378411740064621, 0.019918866455554962, 0.38980263157894735, -0.029589295387268066
-1116.4080810546875, 197365200.0, -14840.203125, 0.08268941193819046, 0.01743674837052822, 0.3954678360830274, -0.03850710391998291
-1114.4820556640625, 678938432.0, 34342.35546875, 0.11010944098234177, 0.025211654603481293, 0.3633040932186863, -0.03988504409790039
-1110.2757568359375, 4298069504.0, -76271.4765625, 0.1572222262620926, 0.0311164278537035, 0.3642178366058751, -0.0059967041015625
-1116.9039306640625, 37477355520.0, 241685.125, 0.16101618111133575, 0.02777198702096939, 0.3857821644398204, 0.003961026668548584
-1111.3779296875, 449233977344.0, -766396.75, 0.16658979654312134, 0.0284596998244524, 0.38669590625846595, -0.005678534507751465
-1117.0201416015625, 2452725170176.0, 2046162.5, 0.17790715396404266, 0.03643530234694481, 0.36348684210526316, 0.001984536647796631
-1122.482177734375, 2764282527744.0, -2059937.375, 0.11199385672807693, 0.017057480290532112, 0.406615497250306, -0.002760767936706543
-1130.19580078125, 1877902753792.0, 1844184.0, 0.08098064363002777, 0.018244415521621704, 0.4219663739204407, 0.006062150001525879
-1107.031982421875, 166435340288.0, -474376.375, 0.14190100133419037, 0.02097363770008087, 0.37993421052631576, -0.007217526435852051
-1121.6038818359375, 65820430336.0, 349175.59375, 0.07852709293365479, 0.019092576578259468, 0.4099049709345165, -0.0064820051193237305
-1111.3699951171875, 15432731648.0, -152055.1875, 0.120456762611866, 0.0195581316947937, 0.3790204681848225, -0.009574294090270996
-1110.2081298828125, 8416225792.0, 116881.4140625, 0.18415717780590057, 0.0366741307079792, 0.3764619879555284, -0.010141372680664062
-1116.35595703125, 1766756992.0, -45073.046875, 0.06387091428041458, 0.014269910752773285, 0.39766081906201545, -0.03168606758117676
-1112.9036865234375, 1336625920.0, -42320.34765625, 0.10036865621805191, 0.021190166473388672, 0.3850511694163607, -0.01889491081237793
-1108.4080810546875, 298076576.0, -17404.24609375, 0.06933744996786118, 0.023344429209828377, 0.3907163749661362, -0.0483471155166626
-1104.318115234375, 513934688.0, 28640.400390625, 0.1200212761759758, 0.024477094411849976, 0.36988304058710736, -0.04180431365966797
-1112.941650390625, 234630832.0, 12946.4873046875, 0.09237357974052429, 0.028216667473316193, 0.37353801152162386, -0.046077609062194824
-1108.006103515625, 97037224.0, -393.4857482910156, 0.12917034327983856, 0.023135753348469734, 0.38103070227723373, -0.041315317153930664
-1113.7059326171875, 157404736.0, -9281.7431640625, 0.033899690955877304, 0.013684933073818684, 0.3651315789473684, -0.06080067157745361
-1121.7479248046875, 214995248.0, -12761.6904296875, 0.08211522549390793, 0.017886102199554443, 0.3987573097672379, -0.03646254539489746
-1110.072021484375, 107989568.0, 6426.12060546875, 0.12218714505434036, 0.02576807327568531, 0.4142909358467972, -0.04682791233062744
-1125.7059326171875, 109831640.0, 5659.166015625, 0.15998591482639313, 0.027953220531344414, 0.41374268970991435, -0.04189157485961914
-1111.8519287109375, 200162224.0, 17248.861328125, 0.08603691309690475, 0.015889501199126244, 0.3941885970140758, -0.03914511203765869
-1117.718017578125, 106803992.0, -6078.93212890625, 0.10371556878089905, 0.023723164573311806, 0.37682748572868213, -0.04088187217712402
-1108.256103515625, 47932788.0, -2258.9716796875, 0.0850348100066185, 0.018566371873021126, 0.39766081906201545, -0.04221165180206299
-1117.3558349609375, 42465876.0, 3845.893310546875, 0.14679156243801117, 0.024165889248251915, 0.40405701754385964, -0.04612576961517334
-1111.031982421875, 170322208.0, 3030.751220703125, 0.12568585574626923, 0.0224427729845047, 0.4099049709345165, -0.0625462532043457
-1113.137939453125, 124971736.0, 6067.255859375, 0.1368081420660019, 0.02757553569972515, 0.3980263157894737, -0.039479613304138184
-1119.64990234375, 369082464.0, -14623.4521484375, 0.14011700451374054, 0.02318473719060421, 0.3921783629216646, -0.0381394624710083
-1112.5621337890625, 135897968.0, -7756.36474609375, 0.13085204362869263, 0.020011110231280327, 0.405519005499388, -0.04571831226348877
-1109.031982421875, 155357552.0, 8775.8193359375, 0.1256198137998581, 0.023803556337952614, 0.3815789468455733, -0.038903236389160156
-1106.49609375, 318453152.0, -4340.86328125, 0.06043355166912079, 0.009202122688293457, 0.3850511691549368, -0.04401576519012451
-1100.5360107421875, 500825056.0, -21879.2734375, 0.1333257108926773, 0.020354127511382103, 0.367507309505814, -0.026088953018188477
-1114.971923828125, 235389824.0, -6878.28271484375, 0.08351514488458633, 0.011976976878941059, 0.400950292746226, -0.04939532279968262
-1105.4559326171875, 80340248.0, -73.267822265625, 0.13520483672618866, 0.02384774386882782, 0.38669590625846595, -0.0415189266204834
-1120.006103515625, 406910592.0, 24372.578125, 0.10938259214162827, 0.016919458284974098, 0.4004020471321909, -0.025000691413879395
-1109.2879638671875, 3555347712.0, -67860.140625, 0.19087858498096466, 0.02942846156656742, 0.4130116957321502, -0.007082223892211914
-1122.50390625, 24719996928.0, 210266.0, 0.1076924204826355, 0.02549748681485653, 0.39108187169359443, 0.010058224201202393
-1113.8641357421875, 165328535552.0, -497243.90625, 0.10899221897125244, 0.02092006616294384, 0.4011330411099551, 0.014327049255371094
-1111.6038818359375, 672311607296.0, 1074855.5, 0.06496302038431168, 0.014797727577388287, 0.3812134501181151, -0.003539443016052246
-1120.89208984375, 2599552811008.0, -1919589.375, 0.11970502138137817, 0.02023933082818985, 0.4000365498818849, -0.0008043050765991211
-1114.090087890625, 2183387545600.0, 1804819.125, 0.1641727238893509, 0.025310838595032692, 0.40021929824561403, -0.007391095161437988
-1117.8919677734375, 835549724672.0, -1160899.5, 0.07606765627861023, 0.009327426552772522, 0.3558114029859242, -0.0047942399978637695
-1106.9036865234375, 35917750272.0, 242019.703125, 0.12531590461730957, 0.017830224707722664, 0.37810672479763363, 0.004949688911437988
-1133.4998779296875, 4533239296.0, -72968.4296875, 0.18025948107242584, 0.030711660161614418, 0.39364035087719296, -0.013467550277709961
-1102.89208984375, 123112832.0, -4193.08203125, 0.14397317171096802, 0.02461457997560501, 0.3742690060222358, -0.0470578670501709
-1120.880126953125, 301462304.0, 15760.4765625, 0.058339256793260574, 0.016063420102000237, 0.40350877166840066, -0.05082249641418457
-1120.3739013671875, 646961920.0, 25595.083984375, 0.16628874838352203, 0.028385737910866737, 0.3715277776906365, -0.044562339782714844
-1108.4080810546875, 316060896.0, -10488.9775390625, 0.08981134742498398, 0.019359787926077843, 0.38687865462219506, -0.04117166996002197
-1108.161865234375, 96346584.0, -10492.6171875, 0.0922955647110939, 0.012915924191474915, 0.3651315789473684, -0.022539377212524414
-1112.4080810546875, 461212448.0, 19087.458984375, 0.18256008625030518, 0.025759801268577576, 0.3755482453526112, -0.040994882583618164
-1118.4820556640625, 78043712.0, 5300.078125, 0.1577022224664688, 0.02564634196460247, 0.37024853836026106, -0.039855122566223145
-1104.0059814453125, 85332336.0, 6049.484375, 0.13016767799854279, 0.024902494624257088, 0.4004020460864954, -0.04105198383331299
-1120.3739013671875, 384795488.0, 22134.283203125, 0.13811513781547546, 0.026402393355965614, 0.40369152029355365, -0.03374600410461426
-1123.2298583984375, 179911856.0, -14195.0576171875, 0.12922315299510956, 0.019101334735751152, 0.4055190060222358, -0.0283052921295166
-1126.072021484375, 630609472.0, 31469.0625, 0.1365094929933548, 0.024916404858231544, 0.3784722220479396, -0.03685629367828369
-1112.47802734375, 654065472.0, 30551.052734375, 0.11550683528184891, 0.01868155039846897, 0.393274853626887, -0.03707718849182129
-1118.239990234375, 135822912.0, -7985.29443359375, 0.19966824352741241, 0.03220179304480553, 0.37390350877192985, -0.10199546813964844
-1132.0859375, 127273752.0, -521.2648315429688, 0.12001895904541016, 0.017103491351008415, 0.38322368368767856, -0.04105651378631592
-1119.3780517578125, 472373792.0, -24963.03125, 0.14994819462299347, 0.027325620874762535, 0.4091739769567523, -0.01888120174407959
-1112.922119140625, 640419392.0, 30971.6015625, 0.08546414226293564, 0.013534349389374256, 0.41630116993920846, -0.025211691856384277
-1122.5179443359375, 102465408.0, -10402.9453125, 0.0569894015789032, 0.013595814816653728, 0.3976608185391677, -0.045260071754455566
-1111.5718994140625, 690561984.0, -30216.197265625, 0.14642782509326935, 0.026040934026241302, 0.3788377192982456, -0.00035953521728515625
-1124.2080078125, 1796124800.0, 56678.6875, 0.13086549937725067, 0.027677340433001518, 0.4102704676619747, 0.00325697660446167
-1124.318115234375, 4710110720.0, -77002.6796875, 0.1602746844291687, 0.02669941447675228, 0.3961988305836393, -0.01600492000579834
-1112.90380859375, 7066497536.0, 107679.9921875, 0.15840911865234375, 0.02535916306078434, 0.41374268970991435, 0.006547689437866211
-1125.7181396484375, 8980651008.0, -115364.8046875, 0.08910185098648071, 0.017575792968273163, 0.3832236842105263, -0.0035429000854492188
-1126.4959716796875, 12561189888.0, 140849.15625, 0.23223787546157837, 0.04416570067405701, 0.42324561455793547, 0.004790544509887695
-1127.3699951171875, 29531463680.0, -210479.75, 0.0681813657283783, 0.009439202956855297, 0.3819444443573031, -0.014038801193237305
-1098.2080078125, 44800724992.0, 269192.21875, 0.09324393421411514, 0.01591128297150135, 0.37244152029355365, -0.01011800765991211
-1121.513916015625, 51483492352.0, -274490.4375, 0.11078556627035141, 0.020703302696347237, 0.3892543859649123, -0.005932331085205078
-1122.35595703125, 190758322176.0, 605486.8125, 0.04403955116868019, 0.024612920358777046, 0.37262426918013053, 0.015211343765258789
-1117.52197265625, 425908633600.0, -834940.25, 0.07162754982709885, 0.013714457862079144, 0.3961988303222154, -0.007843971252441406
-1114.43017578125, 1160556576768.0, 1453796.0, 0.13249991834163666, 0.023491859436035156, 0.4373172516362709, 0.0074155330657958984
-1124.5179443359375, 425952018432.0, -775590.6875, 0.045952606946229935, 0.05919967219233513, 0.4060672511134231, -0.0026193857192993164
-1116.2100830078125, 244363149312.0, 654927.375, 0.12523426115512848, 0.03497409448027611, 0.4053362571356589, 0.0014019012451171875
-1101.02001953125, 187096416256.0, -484495.28125, 0.15365548431873322, 0.092928946018219, 0.387975146373113, 0.009969115257263184
-1096.89599609375, 272647569408.0, 695229.1875, 0.17652885615825653, 0.0908612534403801, 0.6542397664304365, 0.0030121207237243652
-1104.9219970703125, 156131934208.0, -449544.5, 0.14739738404750824, 0.02349238656461239, 0.3923611112853937, 0.002812802791595459
-1111.6700439453125, 664049090560.0, 1053687.125, 0.1355191022157669, 0.023040832951664925, 0.3821271929824561, 0.0013056397438049316
-1112.871826171875, 900079091712.0, -1144897.625, 0.10530298948287964, 0.015369206666946411, 0.3991228070175439, -0.0027881860733032227
-1110.8961181640625, 344751374336.0, 768539.8125, 0.15784548223018646, 0.029215211048722267, 0.3706140350877193, 0.002131640911102295
-1124.8798828125, 258794700800.0, -583446.375, 0.24173559248447418, 0.06461364775896072, 0.4780701754385965, -0.0009968280792236328
-1108.47802734375, 110646566912.0, 426983.875, 0.14179803431034088, 0.02925991266965866, 0.4632675443824969, 0.003574669361114502
-1116.9398193359375, 3532537600.0, -61827.66015625, 0.12769396603107452, 0.020112982019782066, 0.3815789473684211, -0.02792048454284668
-1124.531982421875, 4161272064.0, 81114.1484375, 0.11485622078180313, 0.02132546156644821, 0.391630116261934, -0.006610989570617676
-1129.1959228515625, 2034536448.0, -46858.0, 0.11973530054092407, 0.028878627344965935, 0.41136695941289264, -0.029788970947265625
-1096.5299072265625, 3865790464.0, -69651.3359375, 0.10176555067300797, 0.03145604208111763, 0.37006578999653195, -0.016359329223632812
-1123.2879638671875, 194032880.0, 3851.836669921875, 0.11454706639051437, 0.024892285466194153, 0.4296418125169319, -0.043064236640930176
-1124.40185546875, 162654112.0, -2674.128662109375, 0.11858149617910385, 0.018913259729743004, 0.4203216376011832, -0.037810325622558594
-1116.1959228515625, 314525344.0, -3858.318359375, 0.13843250274658203, 0.02617383934557438, 0.3826754385964912, -0.04557836055755615
-1130.5179443359375, 604771200.0, -22987.1796875, 0.11384087800979614, 0.026937879621982574, 0.4141081874830681, -0.06466615200042725
-1114.318115234375, 309630752.0, 10530.8388671875, 0.13529430329799652, 0.02657335065305233, 0.41154970777662175, -0.04247009754180908
-1118.4559326171875, 252308224.0, -15495.7490234375, 0.124493807554245, 0.02016005478799343, 0.38066520450408, -0.05903029441833496
-1106.9639892578125, 287476064.0, 14691.2529296875, 0.09470788389444351, 0.014312028884887695, 0.3929093568994288, -0.042011260986328125
-1107.3699951171875, 476849920.0, -16814.029296875, 0.13969986140727997, 0.023733193054795265, 0.39674707567482664, -0.03936481475830078
-1118.964111328125, 1151437952.0, 43499.34375, 0.10865817219018936, 0.022727040573954582, 0.3729897664304365, -0.02822136878967285
-1125.2879638671875, 2804724480.0, -65028.578125, 0.10682011395692825, 0.015722952783107758, 0.40259502958833127, 0.011054575443267822
-1112.991943359375, 4752691712.0, 83866.625, 0.07865823060274124, 0.011236272752285004, 0.376644737364953, -0.025792837142944336
-1114.210205078125, 9778721792.0, -118717.78125, 0.0907372459769249, 0.021253928542137146, 0.38559941555324356, -0.02026224136352539
-1125.8919677734375, 15350141952.0, 150805.296875, 0.1585836410522461, 0.028026582673192024, 0.3872441523953488, -0.002121567726135254
-1100.89599609375, 48036401152.0, -273917.46875, 0.07171166688203812, 0.010903500020503998, 0.34978070175438597, 0.0009383559226989746
-1122.318115234375, 82659565568.0, 385022.34375, 0.049013275653123856, 0.010873742401599884, 0.37518274810230523, -0.0016322135925292969
-1115.031982421875, 150799958016.0, -488240.65625, 0.12419110536575317, 0.021551454439759254, 0.3943713448549572, -0.004784345626831055
-1118.903564453125, 280608735232.0, 700136.5625, 0.09561737626791, 0.025175081565976143, 0.41776315789473684, 0.004054248332977295
-1122.9261474609375, 396716834816.0, -799139.75, 0.07463479787111282, 0.014813977293670177, 0.38395467871113825, -0.006410121917724609
-1114.2757568359375, 241907351552.0, 627250.5625, 0.09738132357597351, 0.016597330570220947, 0.39930555590412076, -0.008031487464904785
-1113.9580078125, 216581259264.0, -523487.21875, 0.1557047963142395, 0.023713424801826477, 0.3945540932186863, -0.008250951766967773
-1106.880126953125, 230672891904.0, 604692.125, 0.14010371267795563, 0.021276408806443214, 0.4106359654351285, 0.0002333521842956543
-1113.2459716796875, 207441952768.0, -554445.5625, 0.07606155425310135, 0.012116667814552784, 0.40807748546725825, -0.00677800178527832
-1125.2298583984375, 174410547200.0, 528307.5625, 0.1324525624513626, 0.025506017729640007, 0.41538742707486737, 0.006906092166900635
-1120.8797607421875, 57682317312.0, -278446.28125, 0.16434955596923828, 0.027882933616638184, 0.4071637431257649, -0.008472919464111328
-1112.50390625, 49515102208.0, 300183.71875, 0.06718610227108002, 0.01489228755235672, 0.4281798245614035, 0.02681487798690796
-1120.880126953125, 33769261056.0, -211356.140625, 0.11286598443984985, 0.020489802584052086, 0.37591374234149333, -0.011358857154846191
-1111.427978515625, 16274894848.0, 165959.0625, 0.11701726168394089, 0.021637393161654472, 0.4137426902327621, -0.02062368392944336
-1108.9039306640625, 13582289920.0, -139360.484375, 0.09297322481870651, 0.015703780576586723, 0.38760964912280704, -0.011159420013427734
-1116.006103515625, 2000106496.0, 51512.19921875, 0.07115495949983597, 0.009120993316173553, 0.3969298245614035, -0.03567707538604736
-1107.807861328125, 275161248.0, 11955.8076171875, 0.07217249274253845, 0.012097123079001904, 0.3538011694163607, -0.04936659336090088
-1112.4019775390625, 583599808.0, 28976.146484375, 0.07000862061977386, 0.012204204685986042, 0.3728070178052835, -0.021092772483825684
-1132.5699462890625, 1842083200.0, -49761.64453125, 0.14135150611400604, 0.02289251796901226, 0.4055190060222358, -0.0449376106262207
-1110.49609375, 244754496.0, 13344.27734375, 0.1646755337715149, 0.028085583820939064, 0.38139619900469196, -0.04482734203338623
-1131.0557861328125, 268208624.0, 5704.373046875, 0.08811252564191818, 0.013033200986683369, 0.3877923974865361, -0.056586265563964844
-1115.427978515625, 275409952.0, -13483.3212890625, 0.06029628589749336, 0.023304389789700508, 0.4254385970140758, -0.038996100425720215
-1117.7181396484375, 691811904.0, 27865.822265625, 0.051397692412137985, 0.007905383594334126, 0.37682748546725825, -0.041233062744140625
-1112.4080810546875, 40611900.0, 1984.6341552734375, 0.06009618937969208, 0.012168672867119312, 0.38176169599357407, -0.05914103984832764
-1116.0860595703125, 184548944.0, 387.72802734375, 0.06225716695189476, 0.01032419502735138, 0.38633040926958384, -0.04088544845581055
-1120.0718994140625, 271262688.0, -10419.7783203125, 0.10512318462133408, 0.024346308782696724, 0.39930555590412076, -0.038215041160583496
-1118.5579833984375, 187325248.0, 5134.28955078125, 0.13079935312271118, 0.022774219512939453, 0.39985380099530804, -0.04459035396575928
-1110.4300537109375, 398790784.0, -21542.27734375, 0.07166192680597305, 0.009504735469818115, 0.37737573081986947, -0.04837369918823242
-1112.880126953125, 502088800.0, 15986.8271484375, 0.13716301321983337, 0.023249736055731773, 0.3996710526315789, -0.04461324214935303
-1119.176025390625, 899400960.0, -26863.626953125, 0.09249452501535416, 0.02499181032180786, 0.3660453218117095, -0.03958165645599365
-1106.2757568359375, 111681608.0, -5262.40576171875, 0.1091582402586937, 0.019548607990145683, 0.3574561403508772, -0.039035677909851074
-1107.7059326171875, 462863968.0, 23943.654296875, 0.05289812386035919, 0.013404925353825092, 0.38139619900469196, -0.03474557399749756
-1120.5179443359375, 223239472.0, 12218.12109375, 0.1530899554491043, 0.026513725519180298, 0.36348684210526316, -0.04139971733093262
-1113.3780517578125, 87117768.0, 1737.6124267578125, 0.05900703743100166, 0.013098004274070263, 0.38029970751519787, -0.06301593780517578
-1113.93994140625, 241997120.0, -1460.8880615234375, 0.10793125629425049, 0.023330872878432274, 0.3887061403508772, -0.04126274585723877
-1109.718017578125, 422917632.0, 14776.30859375, 0.12859031558036804, 0.026337305083870888, 0.382309941869033, -0.042356014251708984
-1115.572021484375, 43199020.0, -277.3641052246094, 0.07802700251340866, 0.018750756978988647, 0.39711257292513263, -0.04067528247833252
-1108.072021484375, 218514688.0, 2812.491455078125, 0.11559782177209854, 0.01832408457994461, 0.3919956140350877, -0.05174291133880615
-1116.4779052734375, 103892904.0, 2259.2705078125, 0.1019754633307457, 0.017191311344504356, 0.38687865488361894, -0.08160614967346191
-1103.02001953125, 264729264.0, 13449.546875, 0.15519051253795624, 0.028536370024085045, 0.3965643278339453, -0.04221069812774658
-1107.0560302734375, 38240468.0, 93.7689208984375, 0.14109696447849274, 0.020925065502524376, 0.38815789525968986, -0.049491286277770996
-1123.0880126953125, 338780064.0, -7659.89013671875, 0.051693856716156006, 0.004928022623062134, 0.39619883006079154, -0.04160892963409424
-1115.5718994140625, 229464112.0, 12849.0068359375, 0.0887303575873375, 0.018771164119243622, 0.4042397664304365, -0.03884387016296387
-1119.6700439453125, 165521360.0, -11557.4189453125, 0.12182887643575668, 0.02205621637403965, 0.38706140350877194, -0.07440817356109619
-1126.161865234375, 281795168.0, 9558.8759765625, 0.04820457100868225, 0.009675852954387665, 0.41154970777662175, -0.049984097480773926
-1120.5460205078125, 723870528.0, 27450.1796875, 0.14139705896377563, 0.022126896306872368, 0.36714181303977966, -0.03257930278778076
-1119.176025390625, 1054718016.0, -41547.62109375, 0.0972188338637352, 0.014003935270011425, 0.40807748572868213, -0.012162446975708008
-1098.4420166015625, 17127296000.0, 167004.171875, 0.15971888601779938, 0.029612340033054352, 0.3781067253204814, 0.0008955001831054688
-1113.7479248046875, 183093919744.0, -509524.84375, 0.15377140045166016, 0.026236355304718018, 0.3755482456140351, -0.007068514823913574
-1120.2100830078125, 767230672896.0, 1118289.375, 0.14214801788330078, 0.02453789673745632, 0.38779239800938387, -0.004004836082458496
-1120.0318603515625, 911006826496.0, -1047083.75, 0.1751665472984314, 0.025327160954475403, 0.4033260235660954, -0.004546403884887695
-1120.3079833984375, 469660958720.0, 892730.0, 0.08543992787599564, 0.013602632097899914, 0.3618421052631579, 0.01125556230545044
-1128.4959716796875, 196341350400.0, -504840.21875, 0.15633489191532135, 0.02704007737338543, 0.4170321633941249, -0.0023006200790405273
-1126.555908203125, 20179666944.0, 171908.296875, 0.13498005270957947, 0.02098141796886921, 0.3881578947368421, -0.012022614479064941
-1118.880126953125, 3098845440.0, -62856.56640625, 0.12476825714111328, 0.01975058950483799, 0.3951023388327214, -0.02143073081970215
-1121.9581298828125, 857099520.0, 31020.955078125, 0.1698920577764511, 0.03137830272316933, 0.38267543807364346, -0.050298333168029785
-1116.4959716796875, 4394904064.0, -81342.8671875, 0.07205875217914581, 0.011815980076789856, 0.4069809942391881, -0.01621413230895996
-1114.1380615234375, 2071796608.0, 51884.77734375, 0.08692837506532669, 0.01254757959395647, 0.3813961984818442, -0.031337738037109375
-1115.7059326171875, 1266803072.0, 30234.021484375, 0.09354031085968018, 0.023948924615979195, 0.36531432731109753, -0.04303634166717529
-1108.4820556640625, 514719488.0, 3250.546630859375, 0.08982978016138077, 0.018379690125584602, 0.3808479528678091, -0.05073678493499756
-1120.4300537109375, 466603168.0, -1190.341796875, 0.09997165203094482, 0.019918104633688927, 0.38486842157547935, -0.05029499530792236
-1117.3780517578125, 747678720.0, 19708.5703125, 0.10117541998624802, 0.01683899015188217, 0.38048245614035087, -0.07104885578155518
-1104.239990234375, 1228931200.0, 33825.578125, 0.12807533144950867, 0.022037779912352562, 0.3644005849696042, -0.03595280647277832
-1130.006103515625, 449372768.0, -849.811279296875, 0.1368561089038849, 0.02002781443297863, 0.4298245614035088, -0.04312252998352051
-1119.427978515625, 359422560.0, -12175.1669921875, 0.10662493854761124, 0.018314793705940247, 0.38377192982456143, -0.03936874866485596
-1112.941650390625, 627639616.0, -21115.408203125, 0.11759358644485474, 0.025309709832072258, 0.3908991233298653, -0.03869163990020752
-1102.99169921875, 327251168.0, -6426.80419921875, 0.11660435050725937, 0.019136028364300728, 0.38468567268890247, -0.04198348522186279
-1117.64990234375, 1489560704.0, 36074.609375, 0.11873205751180649, 0.022022122517228127, 0.36769005865381477, -0.03383362293243408
-1100.9920654296875, 292681824.0, -8878.02734375, 0.14093245565891266, 0.023061657324433327, 0.37609649122807015, -0.040358543395996094
-1117.572021484375, 683290368.0, 219.0958709716797, 0.12495993822813034, 0.0225907564163208, 0.43165204660934314, -0.04373133182525635
-1105.8919677734375, 883902208.0, 11331.26953125, 0.1755279302597046, 0.032782990485429764, 0.3731725150555895, -0.05182814598083496
-1112.964111328125, 1020288768.0, 42486.23828125, 0.1426786631345749, 0.02416558749973774, 0.40387426891870665, -0.02915167808532715
-1120.5618896484375, 1129712000.0, -40207.74609375, 0.12236422300338745, 0.026185618713498116, 0.40990497041166873, -0.017467260360717773
-1112.4019775390625, 1183045504.0, 38340.578125, 0.18576554954051971, 0.03490947559475899, 0.38066520502692774, -0.03444850444793701
-1121.7479248046875, 377093344.0, 21299.28515625, 0.17717252671718597, 0.028364455327391624, 0.36732456192635654, -0.039259910583496094
-1107.659912109375, 433996800.0, -13872.3564453125, 0.14527617394924164, 0.02591785602271557, 0.35380116993920846, -0.04197192192077637
-1116.8961181640625, 629128640.0, 26148.185546875, 0.07500418275594711, 0.013750451616942883, 0.38267543807364346, -0.056633710861206055
-1111.8140869140625, 557142336.0, 23205.470703125, 0.1325855255126953, 0.02045055478811264, 0.42251462005732354, -0.03486216068267822
-1112.49609375, 802893120.0, 17465.869140625, 0.07624062150716782, 0.011206219904124737, 0.3614766080128519, -0.03937959671020508
-1124.9398193359375, 153680880.0, -8540.0810546875, 0.10846402496099472, 0.017232591286301613, 0.3828581874830681, -0.04106009006500244
-1100.9920654296875, 353106688.0, 11322.1279296875, 0.14163686335086823, 0.024425974115729332, 0.3987573097672379, -0.03971731662750244
-1121.7479248046875, 649117184.0, 28787.802734375, 0.04073335602879524, 0.012768256478011608, 0.38633040926958384, -0.04310023784637451
-1114.517822265625, 2612295680.0, -47830.53515625, 0.030085787177085876, 0.02652841992676258, 0.37353801152162386, -0.04152655601501465
-1124.3079833984375, 336781152.0, 20405.638671875, 0.16532766819000244, 0.026196880266070366, 0.43969298245614036, -0.029326915740966797
-1111.176025390625, 300558336.0, -17837.138671875, 0.16086377203464508, 0.024728139862418175, 0.3815789473684211, -0.03758740425109863
-1098.871826171875, 274474688.0, -13190.9169921875, 0.09265259653329849, 0.01860286295413971, 0.35526315789473684, -0.049842119216918945
-1111.7960205078125, 710215232.0, -13838.6298828125, 0.09021363407373428, 0.01902594417333603, 0.4206871343286414, -0.0400005578994751
-1101.2879638671875, 606236544.0, -29911.818359375, 0.09089647978544235, 0.011754575185477734, 0.36787280754039164, -4.935264587402344e-05
-1106.307861328125, 1921649792.0, 51505.73828125, 0.13533098995685577, 0.020931093022227287, 0.38980263157894735, -0.014945387840270996
-1122.090087890625, 4280925952.0, -78652.1328125, 0.10926661640405655, 0.01662382297217846, 0.3817616957321502, -0.010145306587219238
-1116.4779052734375, 52421095424.0, 281348.78125, 0.13990503549575806, 0.019916094839572906, 0.4099049709345165, -0.002074718475341797
-1121.5718994140625, 321149566976.0, -706309.25, 0.054289061576128006, 0.015345054678618908, 0.40296052683863726, 0.0078029632568359375
-1103.0560302734375, 1159476543488.0, 1430351.375, 0.14349408447742462, 0.023985302075743675, 0.3812134501181151, -0.005804300308227539
-1110.0718994140625, 434478743552.0, -764077.8125, 0.20344765484333038, 0.03974463418126106, 0.4155701754385965, 0.009581983089447021
-1104.48193359375, 59852312576.0, 306114.6875, 0.15650323033332825, 0.0264702457934618, 0.37353801152162386, 0.005058884620666504
-1131.85205078125, 4489797632.0, -75880.5234375, 0.1255287081003189, 0.027350930497050285, 0.4020467834514484, -0.011180758476257324
-1131.4559326171875, 343099296.0, -675.2186889648438, 0.20009350776672363, 0.033726464956998825, 0.4285453218117095, -0.04215133190155029
-1118.555908203125, 107743864.0, 7121.11279296875, 0.10474861413240433, 0.015472128987312317, 0.39035087719298245, -0.040601372718811035
-1119.427978515625, 177725040.0, -2566.45361328125, 0.08620712906122208, 0.012400512583553791, 0.3983918125169319, -0.06319355964660645
-1105.1297607421875, 198337680.0, -13500.7333984375, 0.1581306755542755, 0.02569493092596531, 0.3620248541497348, -0.030045151710510254
-1116.8797607421875, 244479344.0, 16242.6494140625, 0.1337110549211502, 0.02006160467863083, 0.39875731029008565, -0.041048645973205566
-1108.0059814453125, 191214128.0, -292.6632995605469, 0.1725980043411255, 0.028590930625796318, 0.40862573081986947, -0.03904831409454346
-1120.3739013671875, 997874624.0, -36180.01953125, 0.08088763803243637, 0.016299841925501823, 0.41867690023623017, -0.029903054237365723
-1123.807861328125, 4565829120.0, 92217.4765625, 0.08353658765554428, 0.032529085874557495, 0.43987573081986947, -0.015380620956420898
-1114.44189453125, 7618998784.0, -99303.0625, 0.16904574632644653, 0.029871657490730286, 0.4000365498818849, -0.01967489719390869
-1120.5179443359375, 3955073024.0, 80898.75, 0.04925117269158363, 0.011495423503220081, 0.40442251453274175, -0.009811043739318848
-1106.553955078125, 5013320704.0, -83887.8828125, 0.1434812843799591, 0.023609770461916924, 0.3919956140350877, 0.013189435005187988
-1107.864013671875, 7116904448.0, 111994.75, 0.0865349993109703, 0.010794028639793396, 0.3845029238023256, 0.003836512565612793
-1114.9720458984375, 5850742784.0, -82613.8828125, 0.2154514044523239, 0.039895057678222656, 0.4016812862011424, 0.0037385225296020508
-1121.807861328125, 9370685440.0, 113934.5, 0.1720113307237625, 0.027505120262503624, 0.381944444618727, -0.03855490684509277
-1118.880126953125, 7387950592.0, -105697.5703125, 0.0570538304746151, 0.02183111011981964, 0.4004020471321909, -0.0033684968948364258
-1106.4080810546875, 7125135360.0, 101016.0078125, 0.14659124612808228, 0.02276722528040409, 0.3927266085356997, -0.035561203956604004
-1134.407958984375, 436885376.0, -18447.240234375, 0.13911937177181244, 0.033180247992277145, 0.41502193034740914, -0.038800954818725586
-1110.2757568359375, 828132288.0, -30358.048828125, 0.16979984939098358, 0.03155205771327019, 0.3894371343286414, -0.03682053089141846
-1098.8797607421875, 681196608.0, 29682.373046875, 0.1548226922750473, 0.026041163131594658, 0.3678728070175439, -0.03359103202819824
-1126.5618896484375, 456120064.0, -11346.1240234375, 0.11776968836784363, 0.019587956368923187, 0.38925438648776006, -0.047006964683532715
-1117.3699951171875, 212669648.0, -4630.16650390625, 0.09775865077972412, 0.025424284860491753, 0.3868786551450428, -0.04713797569274902
-1123.4559326171875, 388415968.0, -16119.0625, 0.1695670485496521, 0.02853897027671337, 0.3717105260543656, -0.042914628982543945
-1125.9920654296875, 67202304.0, 2696.427734375, 0.10982268303632736, 0.015532766468822956, 0.3991228070175439, -0.04112648963928223
-1097.9500732421875, 687918336.0, -28981.427734375, 0.10873570293188095, 0.027919413521885872, 0.35617690075907793, -0.027249693870544434
-1112.9036865234375, 880733184.0, 36945.828125, 0.13823582231998444, 0.027090221643447876, 0.3892543859649123, -0.023792028427124023
-1107.991943359375, 2409504256.0, -56714.99609375, 0.16970044374465942, 0.027851881459355354, 0.38230994108476135, 0.011587202548980713
-1116.408203125, 5268679168.0, 87657.7421875, 0.1317419707775116, 0.02265325002372265, 0.39144736842105265, -0.007649898529052734
-1124.41015625, 20618225664.0, -160940.578125, 0.1890953779220581, 0.032927628606557846, 0.4163011694163607, -0.0015757083892822266
-1126.3460693359375, 71371251712.0, 346440.5625, 0.12663359940052032, 0.022293413057923317, 0.3945540932186863, 0.003950893878936768
-1109.64990234375, 130433867776.0, -404795.28125, 0.1582714319229126, 0.029259033501148224, 0.40972222309363515, 0.0017054080963134766
-1098.5699462890625, 354996355072.0, 841267.8125, 0.20734260976314545, 0.09489315003156662, 0.4199561403508772, -0.004117369651794434
-1121.2879638671875, 205263142912.0, -495349.78125, 0.22891294956207275, 0.04430617764592171, 0.5162646200573235, 0.007389664649963379
-1112.43017578125, 406008266752.0, 871839.4375, 0.4738006889820099, 0.19326181709766388, 0.8033625734479803, 0.0036584138870239258
-1123.991943359375, 179785580544.0, -487839.5, 0.13951951265335083, 0.035019826143980026, 0.424524853626887, 0.0031139254570007324
-1132.922119140625, 39328989184.0, 261459.8125, 0.10080274194478989, 0.017173761501908302, 0.36348684210526316, 0.0019300580024719238
-1116.991943359375, 5307402752.0, -90750.2265625, 0.07429973781108856, 0.015645788982510567, 0.4217836260795593, -0.006392717361450195
-1114.896240234375, 267981312.0, 18521.740234375, 0.13448090851306915, 0.020143501460552216, 0.40807748520583437, -0.045583367347717285
-1122.991943359375, 452765280.0, 27425.244140625, 0.12911997735500336, 0.022504376247525215, 0.39985380099530804, -0.023518919944763184
-1128.2559814453125, 69492752.0, -8884.9052734375, 0.0999060869216919, 0.016293756663799286, 0.4247076025134639, -0.03552544116973877
-1128.006103515625, 90114616.0, -9874.642578125, 0.08564561605453491, 0.02217986434698105, 0.4170321639169726, -0.04005551338195801
-1120.99169921875, 222374608.0, -16094.7763671875, 0.10533127188682556, 0.013657532632350922, 0.3857821644398204, -0.015372276306152344
-1096.03173828125, 110373544.0, -10282.1982421875, 0.18977093696594238, 0.030149085447192192, 0.3728070170210119, -0.07728791236877441
-1115.7958984375, 28561646.0, -5759.5078125, 0.10372757166624069, 0.02451450191438198, 0.3828581874830681, -0.049254417419433594
-1110.161865234375, 80038520.0, -7483.09912109375, 0.017679700627923012, 0.010481049306690693, 0.3812134501181151, -0.037782907485961914
-1101.659912109375, 38077372.0, -6006.0390625, 0.0649782344698906, 0.017743917182087898, 0.3812134501181151, -0.0431063175201416
-1110.318115234375, 13713632.0, 1577.2423095703125, 0.1421131044626236, 0.024343736469745636, 0.38980263157894735, -0.049121975898742676
-1110.531982421875, 111760392.0, -11609.0341796875, 0.12213421612977982, 0.022039003670215607, 0.35544590625846595, -0.05356311798095703
-1118.4102783203125, 57555024.0, -2775.37109375, 0.0869026780128479, 0.023949461057782173, 0.40533625765850667, -0.04386711120605469
-1113.31591796875, 64470972.0, 9008.4384765625, 0.17618417739868164, 0.02942870557308197, 0.3960160816970624, -0.03762209415435791
-1106.880126953125, 61678564.0, -9258.0830078125, 0.046006351709365845, 0.005734664853662252, 0.380847953129233, -0.027608036994934082
-1118.210205078125, 46869540.0, 5088.91064453125, 0.12602514028549194, 0.02031547576189041, 0.37646198847837614, -0.04052329063415527
-1120.8797607421875, 37189256.0, 6384.59765625, 0.09772326797246933, 0.0209670290350914, 0.4005847960187678, -0.03414261341094971
-1108.9639892578125, 14770985.0, 4170.0458984375, 0.1770569235086441, 0.0277597364038229, 0.40899122807017546, -0.040680766105651855
-1104.47802734375, 17073808.0, 4239.109375, 0.1551404446363449, 0.0243300199508667, 0.3852339183029376, -0.03752303123474121
-1126.5460205078125, 32188438.0, -4223.64404296875, 0.15660114586353302, 0.02569856308400631, 0.3824926902327621, -0.03901660442352295
-1109.088134765625, 78817512.0, 3194.282470703125, 0.07190977782011032, 0.00941851269453764, 0.37627924011464703, -0.10599422454833984
-1122.880126953125, 33417962.0, 5632.88623046875, 0.11208692193031311, 0.016020432114601135, 0.4278143278339453, -0.02827906608581543
-1111.8140869140625, 79203112.0, -8558.328125, 0.16177062690258026, 0.028659775853157043, 0.3885233914643003, -0.056523919105529785
-1120.903564453125, 82983832.0, 3116.065673828125, 0.12762202322483063, 0.023194244131445885, 0.41173245614035087, -0.04031169414520264
-1128.318115234375, 19295386.0, 235.599609375, 0.16622592508792877, 0.03227369859814644, 0.4014985388831088, -0.09030163288116455
-1107.52197265625, 27392598.0, 661.9513549804688, 0.10886114090681076, 0.01707044243812561, 0.3834064330971032, -0.07207047939300537
-1105.81396484375, 140850000.0, -13544.5478515625, 0.12941785156726837, 0.025295937433838844, 0.3682383042678498, -0.027985095977783203
-1120.896240234375, 479541344.0, 28879.859375, 0.10545515269041061, 0.015048081986606121, 0.38413742707486737, 0.014190733432769775
-1118.5179443359375, 1865218048.0, -51303.84375, 0.12814803421497345, 0.020560497418045998, 0.3912646195344758, -0.014549732208251953
-1129.0557861328125, 7988195328.0, 119437.25, 0.12612922489643097, 0.02140030264854431, 0.42105263157894735, -0.004148244857788086
-1108.5618896484375, 18296907776.0, -156345.765625, 0.1426868885755539, 0.024928435683250427, 0.37609649122807015, 0.007998943328857422
