68000.0,454000.0,680.0,4540.0,0.0,0.0,278.0,68000.0,454000.0,680.0,4540.0,0.0,0.0,174.0,68000.0,454000.0,680.0,4540.0,0.0,0.0,71.0,0.0,1.0,0.18634865,0.8136514,0.5125368,0.48746318,{'0': -5.970000000000001, '1': -5.970000000000001, '2': -5.970000000000001}
348000.0,151000.0,3480.0,1510.0,0.49611231684684753,0.5038876533508301,246.0,348000.0,151000.0,3480.0,1510.0,1.0,0.0,191.0,348000.0,151000.0,3480.0,1510.0,0.0,0.0,63.0,0.49611232,0.50388765,1.0,0.0,0.0,0.0,{'0': -5.970000000000001, '1': -5.970000000000001, '2': -5.970000000000001}
320000.0,156000.0,3200.0,1560.0,0.8846017718315125,0.11539816856384277,215.0,320000.0,156000.0,3200.0,1560.0,0.5024809241294861,0.4975190758705139,207.0,320000.0,156000.0,3200.0,1560.0,0.575951874256134,0.42404815554618835,55.0,0.8846018,0.11539817,0.5024809,0.49751908,0.5759519,0.42404816,{'0': -5.970000000000001, '1': -5.970000000000001, '2': -5.970000000000001}
449000.0,0.0,4490.0,0.0,1.0,0.0,184.0,449000.0,0.0,4490.0,0.0,1.0,0.0,220.0,449000.0,0.0,4490.0,0.0,1.0,0.0,46.0,1.0,0.0,1.0,0.0,1.0,0.0,{'0': -5.970000000000001, '1': -5.970000000000001, '2': -5.970000000000001}
290000.0,132000.0,2900.0,1320.0,0.8138592839241028,0.18614071607589722,154.0,290000.0,132000.0,2900.0,1320.0,0.6102249026298523,0.3897751271724701,232.0,290000.0,132000.0,2900.0,1320.0,0.5,0.5,37.0,0.8138593,0.18614072,0.6102249,0.38977513,0.5,0.5,{'0': -5.970000000000001, '1': -5.970000000000001, '2': -5.970000000000001}
141000.0,251000.0,1410.0,2510.0,0.0,1.0,126.0,141000.0,251000.0,1410.0,2510.0,0.43950197100639343,0.560498058795929,240.0,141000.0,251000.0,1410.0,2510.0,1.0,0.0,27.0,0.0,1.0,0.43950197,0.56049806,1.0,0.0,{'0': -5.970000000000001, '1': -5.970000000000001, '2': -5.970000000000001}
192000.0,173000.0,1920.0,1730.0,0.5255032777786255,0.4744967222213745,102.0,192000.0,173000.0,1920.0,1730.0,0.0,0.0,246.0,192000.0,173000.0,1920.0,1730.0,0.12235672026872635,0.8776432871818542,18.0,0.5255033,0.47449672,0.0,0.0,0.12235672,0.8776433,{'0': -5.970000000000001, '1': -5.970000000000001, '2': -5.970000000000001}
88000.0,249000.0,880.0,2490.0,1.0,0.0,80.0,88000.0,249000.0,880.0,2490.0,0.0,1.0,249.0,88000.0,249000.0,880.0,2490.0,1.0,0.0,9.0,1.0,0.0,0.0,1.0,1.0,0.0,{'0': -5.970000000000001, '1': -5.970000000000001, '2': -5.970000000000001}
197000.0,114000.0,1970.0,1140.0,0.0,1.0,63.0,197000.0,114000.0,1970.0,1140.0,0.8163233399391174,0.18367666006088257,249.0,197000.0,114000.0,1970.0,1140.0,0.9777368903160095,0.02226315066218376,0.0,0.0,1.0,0.81632334,0.18367666,0.9777369,0.02226315,{'0': -5.970000000000001, '1': -5.970000000000001, '2': -5.970000000000001}
253000.0,42000.0,2530.0,420.0,0.6729815006256104,0.3270185589790344,50.0,253000.0,42000.0,2530.0,420.0,0.8690048456192017,0.13099521398544312,246.0,253000.0,42000.0,2530.0,420.0,1.0,0.0,0.0,0.6729815,0.32701856,0.86900485,0.13099521,1.0,0.0,{'0': -5.970000000000001, '1': -5.970000000000001, '2': -5.970000000000001}
104000.0,177000.0,1040.0,1770.0,1.0,0.0,42.0,104000.0,177000.0,1040.0,1770.0,0.26639309525489807,0.7336068749427795,240.0,104000.0,177000.0,1040.0,1770.0,1.0,0.0,0.0,1.0,0.0,0.2663931,0.7336069,1.0,0.0,{'0': -5.970000000000001, '1': -5.970000000000001, '2': -5.970000000000001}
257000.0,13000.0,2570.0,130.0,0.6614391207695007,0.33856090903282166,40.0,257000.0,13000.0,2570.0,130.0,1.0,0.0,231.0,257000.0,13000.0,2570.0,130.0,1.0,0.0,0.0,0.6614391,0.3385609,1.0,0.0,1.0,0.0,{'0': -5.970000000000001, '1': -5.970000000000001, '2': -5.970000000000001}
41000.0,220000.0,410.0,2200.0,1.0,0.0,42.0,41000.0,220000.0,410.0,2200.0,0.0,1.0,220.0,41000.0,220000.0,410.0,2200.0,1.0,0.0,0.0,1.0,0.0,0.0,1.0,1.0,0.0,{'0': -5.970000000000001, '1': -5.970000000000001, '2': -5.970000000000001}
216000.0,38000.0,2160.0,380.0,0.2792779803276062,0.7207220792770386,49.0,216000.0,38000.0,2160.0,380.0,1.0,0.0,206.0,216000.0,38000.0,2160.0,380.0,0.5147847533226013,0.4852152466773987,0.0,0.27927798,0.7207221,1.0,0.0,0.51478475,0.48521525,{'0': -5.970000000000001, '1': -5.970000000000001, '2': -5.970000000000001}
206000.0,44000.0,2060.0,440.0,0.0,0.0,61.0,206000.0,44000.0,2060.0,440.0,0.8756359219551086,0.12436409294605255,190.0,206000.0,44000.0,2060.0,440.0,0.11435942351818085,0.885640561580658,0.0,0.0,0.0,0.8756359,0.12436409,0.11435942,0.88564056,{'0': -5.970000000000001, '1': -5.970000000000001, '2': -5.970000000000001}
214000.0,35000.0,2140.0,350.0,0.5,0.5,77.0,214000.0,35000.0,2140.0,350.0,1.0,0.0,173.0,214000.0,35000.0,2140.0,350.0,0.4365229904651642,0.5634769797325134,0.0,0.5,0.5,1.0,0.0,0.436523,0.563477,{'0': -5.970000000000001, '1': -5.970000000000001, '2': -5.970000000000001}
177000.0,75000.0,1770.0,750.0,0.5,0.5,98.0,177000.0,75000.0,1770.0,750.0,0.7547569274902344,0.24524304270744324,155.0,177000.0,75000.0,1770.0,750.0,0.8157501816749573,0.18424980342388153,0.0,0.5,0.5,0.7547569,0.24524304,0.8157502,0.1842498,{'0': -5.970000000000001, '1': -5.970000000000001, '2': -5.970000000000001}
68000.0,189000.0,680.0,1890.0,0.0,1.0,122.0,68000.0,189000.0,680.0,1890.0,0.5414405465126038,0.45855942368507385,136.0,68000.0,189000.0,680.0,1890.0,1.0,0.0,0.0,0.0,1.0,0.54144055,0.45855942,1.0,0.0,{'0': -5.970000000000001, '1': -5.970000000000001, '2': -5.970000000000001}
265000.0,0.0,2650.0,0.0,1.0,0.0,149.0,265000.0,0.0,2650.0,0.0,1.0,0.0,117.0,265000.0,0.0,2650.0,0.0,0.5852705836296082,0.41472944617271423,0.0,1.0,0.0,1.0,0.0,0.5852706,0.41472945,{'0': -5.970000000000001, '1': -5.970000000000001, '2': -5.970000000000001}
191000.0,84000.0,1910.0,840.0,0.48445025086402893,0.5155497193336487,178.0,191000.0,84000.0,1910.0,840.0,1.0,0.0,98.0,191000.0,84000.0,1910.0,840.0,0.0,0.0,0.0,0.48445025,0.5155497,1.0,0.0,0.0,0.0,{'0': -5.970000000000001, '1': -5.970000000000001, '2': -5.970000000000001}
288000.0,0.0,2880.0,0.0,1.0,0.0,209.0,288000.0,0.0,2880.0,0.0,1.0,0.0,80.0,288000.0,0.0,2880.0,0.0,0.5817127823829651,0.4182872176170349,0.0,1.0,0.0,1.0,0.0,0.5817128,0.41828722,{'0': -5.970000000000001, '1': -5.970000000000001, '2': -5.970000000000001}
228000.0,76000.0,2280.0,760.0,0.8120378255844116,0.18796217441558838,241.0,228000.0,76000.0,2280.0,760.0,0.5756921768188477,0.42430779337882996,64.0,228000.0,76000.0,2280.0,760.0,1.0,0.0,0.0,0.8120378,0.18796217,0.5756922,0.4243078,1.0,0.0,{'0': -5.970000000000001, '1': -5.970000000000001, '2': -5.970000000000001}
181000.0,145000.0,1810.0,1450.0,0.5166577696800232,0.4833422601222992,273.0,181000.0,145000.0,1810.0,1450.0,0.45861586928367615,0.5413841009140015,48.0,181000.0,145000.0,1810.0,1450.0,0.0,0.0,6.0,0.51665777,0.48334226,0.45861587,0.5413841,0.0,0.0,{'0': -5.970000000000001, '1': -5.970000000000001, '2': -5.970000000000001}
344000.0,8000.0,3440.0,80.0,1.0,0.0,303.0,344000.0,8000.0,3440.0,80.0,1.0,0.0,35.0,344000.0,8000.0,3440.0,80.0,0.6569338440895081,0.34306618571281433,15.0,1.0,0.0,1.0,0.0,0.65693384,0.3430662,{'0': -5.970000000000001, '1': -5.970000000000001, '2': -5.970000000000001}
206000.0,176000.0,2060.0,1760.0,0.5,0.5,333.0,206000.0,176000.0,2060.0,1760.0,1.0,0.0,25.0,206000.0,176000.0,2060.0,1760.0,1.0,0.0,25.0,0.5,0.5,1.0,0.0,1.0,0.0,{'0': -5.970000000000001, '1': -5.970000000000001, '2': -5.970000000000001}
256000.0,153000.0,2560.0,1530.0,0.6140862107276917,0.38591375946998596,359.0,256000.0,153000.0,2560.0,1530.0,1.0,0.0,17.0,256000.0,153000.0,2560.0,1530.0,0.6525702476501465,0.3474297821521759,34.0,0.6140862,0.38591376,1.0,0.0,0.65257025,0.34742978,{'0': -5.970000000000001, '1': -5.970000000000001, '2': -5.970000000000001}
231000.0,207000.0,2310.0,2070.0,0.5,0.5,383.0,231000.0,207000.0,2310.0,2070.0,0.0,1.0,12.0,231000.0,207000.0,2310.0,2070.0,1.0,0.0,44.0,0.5,0.5,0.0,1.0,1.0,0.0,{'0': -5.970000000000001, '1': -5.970000000000001, '2': -5.970000000000001}
239000.0,227000.0,2390.0,2270.0,0.0,0.0,404.0,239000.0,227000.0,2390.0,2270.0,0.5680269598960876,0.43197301030158997,10.0,239000.0,227000.0,2390.0,2270.0,0.6116613745689392,0.3883386552333832,53.0,0.0,0.0,0.56802696,0.431973,0.6116614,0.38833866,{'0': -5.970000000000001, '1': -5.970000000000001, '2': -5.970000000000001}
446000.0,44000.0,4460.0,440.0,1.0,0.0,420.0,446000.0,44000.0,4460.0,440.0,0.5,0.5,10.0,446000.0,44000.0,4460.0,440.0,0.25933048129081726,0.7406694889068604,61.0,1.0,0.0,0.5,0.5,0.25933048,0.7406695,{'0': -5.970000000000001, '1': -5.970000000000001, '2': -5.970000000000001}
293000.0,220000.0,2930.0,2200.0,0.5957080125808716,0.40429195761680603,431.0,293000.0,220000.0,2930.0,2200.0,0.9604597091674805,0.039540305733680725,14.0,293000.0,220000.0,2930.0,2200.0,0.4086746573448181,0.5913254022598267,69.0,0.595708,0.40429196,0.9604597,0.039540306,0.40867466,0.5913254,{'0': -5.970000000000001, '1': -5.970000000000001, '2': -5.970000000000001}
230000.0,303000.0,2300.0,3030.0,0.34382498264312744,0.6561750173568726,438.0,230000.0,303000.0,2300.0,3030.0,1.0,0.0,21.0,230000.0,303000.0,2300.0,3030.0,1.0,0.0,75.0,0.34382498,0.656175,1.0,0.0,1.0,0.0,{'0': -5.970000000000001, '1': -5.970000000000001, '2': -5.970000000000001}
507000.0,43000.0,5070.0,430.0,1.0,0.0,439.0,507000.0,43000.0,5070.0,430.0,1.0,0.0,31.0,507000.0,43000.0,5070.0,430.0,0.3027549982070923,0.6972450613975525,81.0,1.0,0.0,1.0,0.0,0.302755,0.69724506,{'0': -5.970000000000001, '1': -5.970000000000001, '2': -5.970000000000001}
446000.0,117000.0,4460.0,1170.0,0.8238986134529114,0.17610140144824982,436.0,446000.0,117000.0,4460.0,1170.0,1.0,0.0,43.0,446000.0,117000.0,4460.0,1170.0,0.5,0.5,85.0,0.8238986,0.1761014,1.0,0.0,0.5,0.5,{'0': -5.970000000000001, '1': -5.970000000000001, '2': -5.970000000000001}
328000.0,244000.0,3280.0,2440.0,0.6272101402282715,0.37278982996940613,428.0,328000.0,244000.0,3280.0,2440.0,0.7301539182662964,0.2698460519313812,57.0,328000.0,244000.0,3280.0,2440.0,0.12283430993556976,0.8771657347679138,88.0,0.62721014,0.37278983,0.7301539,0.26984605,0.12283431,0.87716573,{'0': -5.970000000000001, '1': -5.970000000000001, '2': -5.970000000000001}
351000.0,225000.0,3510.0,2250.0,0.5962874889373779,0.40371257066726685,415.0,351000.0,225000.0,3510.0,2250.0,0.8590725064277649,0.1409274786710739,73.0,351000.0,225000.0,3510.0,2250.0,0.5269506573677063,0.4730493426322937,89.0,0.5962875,0.40371257,0.8590725,0.14092748,0.52695066,0.47304934,{'0': -5.970000000000001, '1': -5.970000000000001, '2': -5.970000000000001}
537000.0,38000.0,5370.0,380.0,0.9148754477500916,0.08512452989816666,397.0,537000.0,38000.0,5370.0,380.0,1.0,0.0,90.0,537000.0,38000.0,5370.0,380.0,1.0,0.0,89.0,0.91487545,0.08512453,1.0,0.0,1.0,0.0,{'0': -5.970000000000001, '1': -5.970000000000001, '2': -5.970000000000001}
345000.0,226000.0,3450.0,2260.0,0.5,0.5,375.0,345000.0,226000.0,3450.0,2260.0,0.5502304434776306,0.4497695565223694,109.0,345000.0,226000.0,3450.0,2260.0,1.0,0.0,88.0,0.5,0.5,0.55023044,0.44976956,1.0,0.0,{'0': -5.970000000000001, '1': -5.970000000000001, '2': -5.970000000000001}
127000.0,434000.0,1270.0,4340.0,0.0,1.0,350.0,127000.0,434000.0,1270.0,4340.0,1.0,0.0,128.0,127000.0,434000.0,1270.0,4340.0,0.0,1.0,84.0,0.0,1.0,1.0,0.0,0.0,1.0,{'0': -5.970000000000001, '1': -5.970000000000001, '2': -5.970000000000001}
472000.0,77000.0,4720.0,770.0,1.0,0.0,323.0,472000.0,77000.0,4720.0,770.0,0.0,0.0,147.0,472000.0,77000.0,4720.0,770.0,0.9973658919334412,0.0026341755874454975,80.0,1.0,0.0,0.0,0.0,0.9973659,0.0026341756,{'0': -5.970000000000001, '1': -5.970000000000001, '2': -5.970000000000001}
525000.0,7000.0,5250.0,70.0,0.9770979881286621,0.02290196530520916,293.0,525000.0,7000.0,5250.0,70.0,1.0,0.0,166.0,525000.0,7000.0,5250.0,70.0,0.9687208533287048,0.03127920255064964,74.0,0.977098,0.022901965,1.0,0.0,0.96872085,0.031279203,{'0': -5.970000000000001, '1': -5.970000000000001, '2': -5.970000000000001}
384000.0,127000.0,3840.0,1270.0,1.0,0.0,262.0,384000.0,127000.0,3840.0,1270.0,0.29033151268959045,0.7096685171127319,183.0,384000.0,127000.0,3840.0,1270.0,1.0,0.0,67.0,1.0,0.0,0.2903315,0.7096685,1.0,0.0,{'0': -5.970000000000001, '1': -5.970000000000001, '2': -5.970000000000001}
315000.0,173000.0,3150.0,1730.0,0.6782190203666687,0.3217810094356537,230.0,315000.0,173000.0,3150.0,1730.0,0.5107768774032593,0.4892231225967407,200.0,315000.0,173000.0,3150.0,1730.0,1.0,0.0,59.0,0.678219,0.321781,0.5107769,0.48922312,1.0,0.0,{'0': -5.970000000000001, '1': -5.970000000000001, '2': -5.970000000000001}
348000.0,114000.0,3480.0,1140.0,1.0,0.0,198.0,348000.0,114000.0,3480.0,1140.0,0.0,0.0,214.0,348000.0,114000.0,3480.0,1140.0,0.809604287147522,0.19039571285247803,51.0,1.0,0.0,0.0,0.0,0.8096043,0.19039571,{'0': -5.970000000000001, '1': -5.970000000000001, '2': -5.970000000000001}
435000.0,0.0,4350.0,0.0,1.0,0.0,168.0,435000.0,0.0,4350.0,0.0,1.0,0.0,227.0,435000.0,0.0,4350.0,0.0,1.0,0.0,41.0,1.0,0.0,1.0,0.0,1.0,0.0,{'0': -5.970000000000001, '1': -5.970000000000001, '2': -5.970000000000001}
286000.0,121000.0,2860.0,1210.0,1.0,0.0,139.0,286000.0,121000.0,2860.0,1210.0,0.0,0.0,237.0,286000.0,121000.0,2860.0,1210.0,1.0,0.0,32.0,1.0,0.0,0.0,0.0,1.0,0.0,{'0': -5.970000000000001, '1': -5.970000000000001, '2': -5.970000000000001}
76000.0,302000.0,760.0,3020.0,0.0,0.0,113.0,76000.0,302000.0,760.0,3020.0,0.0,1.0,244.0,76000.0,302000.0,760.0,3020.0,0.5369063019752502,0.46309369802474976,22.0,0.0,0.0,0.0,1.0,0.5369063,0.4630937,{'0': -5.970000000000001, '1': -5.970000000000001, '2': -5.970000000000001}
324000.0,26000.0,3240.0,260.0,0.8645361661911011,0.1354638636112213,90.0,324000.0,26000.0,3240.0,260.0,1.0,0.0,248.0,324000.0,26000.0,3240.0,260.0,0.5,0.5,13.0,0.86453617,0.13546386,1.0,0.0,0.5,0.5,{'0': -5.970000000000001, '1': -5.970000000000001, '2': -5.970000000000001}
112000.0,211000.0,1120.0,2110.0,0.0,1.0,71.0,112000.0,211000.0,1120.0,2110.0,0.44207072257995605,0.5579293370246887,249.0,112000.0,211000.0,1120.0,2110.0,0.4530578553676605,0.5469421148300171,4.0,0.0,1.0,0.44207072,0.55792934,0.45305786,0.5469421,{'0': -5.970000000000001, '1': -5.970000000000001, '2': -5.970000000000001}
161000.0,142000.0,1610.0,1420.0,0.5,0.5,56.0,161000.0,142000.0,1610.0,1420.0,0.0,0.0,248.0,161000.0,142000.0,1610.0,1420.0,1.0,0.0,0.0,0.5,0.5,0.0,0.0,1.0,0.0,{'0': -5.970000000000001, '1': -5.970000000000001, '2': -5.970000000000001}
155000.0,133000.0,1550.0,1330.0,0.8083173036575317,0.19168271124362946,46.0,155000.0,133000.0,1550.0,1330.0,0.5,0.5,243.0,155000.0,133000.0,1550.0,1330.0,0.35267841815948486,0.6473215818405151,0.0,0.8083173,0.19168271,0.5,0.5,0.35267842,0.6473216,{'0': -5.970000000000001, '1': -5.970000000000001, '2': -5.970000000000001}
162000.0,113000.0,1620.0,1130.0,1.0,0.0,40.0,162000.0,113000.0,1620.0,1130.0,0.0,0.0,236.0,162000.0,113000.0,1620.0,1130.0,1.0,0.0,0.0,1.0,0.0,0.0,0.0,1.0,0.0,{'0': -5.970000000000001, '1': -5.970000000000001, '2': -5.970000000000001}
243000.0,21000.0,2430.0,210.0,0.0,0.0,40.0,243000.0,21000.0,2430.0,210.0,1.0,0.0,225.0,243000.0,21000.0,2430.0,210.0,0.004898840561509132,0.9951011538505554,0.0,0.0,0.0,1.0,0.0,0.0048988406,0.99510115,{'0': -5.970000000000001, '1': -5.970000000000001, '2': -5.970000000000001}
126000.0,131000.0,1260.0,1310.0,1.0,0.0,45.0,126000.0,131000.0,1260.0,1310.0,0.37912195920944214,0.6208780407905579,213.0,126000.0,131000.0,1260.0,1310.0,1.0,0.0,0.0,1.0,0.0,0.37912196,0.62087804,1.0,0.0,{'0': -5.970000000000001, '1': -5.970000000000001, '2': -5.970000000000001}
244000.0,7000.0,2440.0,70.0,0.7577263116836548,0.2422737032175064,54.0,244000.0,7000.0,2440.0,70.0,1.0,0.0,198.0,244000.0,7000.0,2440.0,70.0,0.5,0.5,0.0,0.7577263,0.2422737,1.0,0.0,0.5,0.5,{'0': -5.970000000000001, '1': -5.970000000000001, '2': -5.970000000000001}
250000.0,0.0,2500.0,0.0,1.0,0.0,69.0,250000.0,0.0,2500.0,0.0,1.0,0.0,182.0,250000.0,0.0,2500.0,0.0,0.5,0.5,0.0,1.0,0.0,1.0,0.0,0.5,0.5,{'0': -5.970000000000001, '1': -5.970000000000001, '2': -5.970000000000001}
190000.0,60000.0,1900.0,600.0,1.0,0.0,87.0,190000.0,60000.0,1900.0,600.0,0.6966968774795532,0.3033031225204468,164.0,190000.0,60000.0,1900.0,600.0,0.6543402671813965,0.3456597924232483,0.0,1.0,0.0,0.6966969,0.30330312,0.65434027,0.3456598,{'0': -5.970000000000001, '1': -5.970000000000001, '2': -5.970000000000001}
124000.0,130000.0,1240.0,1300.0,0.0,0.0,110.0,124000.0,130000.0,1240.0,1300.0,0.5,0.5,145.0,124000.0,130000.0,1240.0,1300.0,0.5573793053627014,0.4426206648349762,0.0,0.0,0.0,0.5,0.5,0.5573793,0.44262066,{'0': -5.970000000000001, '1': -5.970000000000001, '2': -5.970000000000001}
261000.0,0.0,2610.0,0.0,1.0,0.0,136.0,261000.0,0.0,2610.0,0.0,1.0,0.0,126.0,261000.0,0.0,2610.0,0.0,0.0,0.0,0.0,1.0,0.0,1.0,0.0,0.0,0.0,{'0': -5.970000000000001, '1': -5.970000000000001, '2': -5.970000000000001}
232000.0,38000.0,2320.0,380.0,1.0,0.0,164.0,232000.0,38000.0,2320.0,380.0,0.6671770811080933,0.33282288908958435,107.0,232000.0,38000.0,2320.0,380.0,1.0,0.0,0.0,1.0,0.0,0.6671771,0.3328229,1.0,0.0,{'0': -5.970000000000001, '1': -5.970000000000001, '2': -5.970000000000001}
261000.0,21000.0,2610.0,210.0,0.883270800113678,0.11672917753458023,194.0,261000.0,21000.0,2610.0,210.0,1.0,0.0,89.0,261000.0,21000.0,2610.0,210.0,1.0,0.0,0.0,0.8832708,0.11672918,1.0,0.0,1.0,0.0,{'0': -5.970000000000001, '1': -5.970000000000001, '2': -5.970000000000001}
264000.0,32000.0,2640.0,320.0,1.0,0.0,226.0,264000.0,32000.0,2640.0,320.0,0.0,0.0,71.0,264000.0,32000.0,2640.0,320.0,1.0,0.0,0.0,1.0,0.0,0.0,0.0,1.0,0.0,{'0': -5.970000000000001, '1': -5.970000000000001, '2': -5.970000000000001}
187000.0,126000.0,1870.0,1260.0,0.6458286643028259,0.3541712760925293,257.0,187000.0,126000.0,1870.0,1260.0,0.5,0.5,55.0,187000.0,126000.0,1870.0,1260.0,0.8657366633415222,0.13426335155963898,2.0,0.64582866,0.35417128,0.5,0.5,0.86573666,0.13426335,{'0': -5.970000000000001, '1': -5.970000000000001, '2': -5.970000000000001}
335000.0,5000.0,3350.0,50.0,1.0,0.0,289.0,335000.0,5000.0,3350.0,50.0,1.0,0.0,41.0,335000.0,5000.0,3350.0,50.0,0.5,0.5,11.0,1.0,0.0,1.0,0.0,0.5,0.5,{'0': -5.970000000000001, '1': -5.970000000000001, '2': -5.970000000000001}
197000.0,171000.0,1970.0,1710.0,0.5,0.5,319.0,197000.0,171000.0,1970.0,1710.0,1.0,0.0,30.0,197000.0,171000.0,1970.0,1710.0,0.5,0.5,20.0,0.5,0.5,1.0,0.0,0.5,0.5,{'0': -5.970000000000001, '1': -5.970000000000001, '2': -5.970000000000001}
206000.0,190000.0,2060.0,1900.0,0.0,0.0,347.0,206000.0,190000.0,2060.0,1900.0,1.0,0.0,20.0,206000.0,190000.0,2060.0,1900.0,0.21795307099819183,0.782046914100647,30.0,0.0,0.0,1.0,0.0,0.21795307,0.7820469,{'0': -5.970000000000001, '1': -5.970000000000001, '2': -5.970000000000001}
198000.0,226000.0,1980.0,2260.0,0.44669026136398315,0.5533097386360168,372.0,198000.0,226000.0,1980.0,2260.0,0.0,0.0,14.0,198000.0,226000.0,1980.0,2260.0,0.5655030608177185,0.4344969689846039,39.0,0.44669026,0.55330974,0.0,0.0,0.56550306,0.43449697,{'0': -5.970000000000001, '1': -5.970000000000001, '2': -5.970000000000001}
253000.0,198000.0,2530.0,1980.0,0.5,0.5,394.0,253000.0,198000.0,2530.0,1980.0,0.8625869154930115,0.13741303980350494,10.0,253000.0,198000.0,2530.0,1980.0,1.0,0.0,48.0,0.5,0.5,0.8625869,0.13741304,1.0,0.0,{'0': -5.970000000000001, '1': -5.970000000000001, '2': -5.970000000000001}
444000.0,34000.0,4440.0,340.0,1.0,0.0,412.0,444000.0,34000.0,4440.0,340.0,0.7102406024932861,0.2897593379020691,10.0,444000.0,34000.0,4440.0,340.0,0.40065062046051025,0.5993493795394897,57.0,1.0,0.0,0.7102406,0.28975934,0.40065062,0.5993494,{'0': -5.970000000000001, '1': -5.970000000000001, '2': -5.970000000000001}
324000.0,178000.0,3240.0,1780.0,0.6046711802482605,0.3953288197517395,426.0,324000.0,178000.0,3240.0,1780.0,0.0,0.0,12.0,324000.0,178000.0,3240.0,1780.0,1.0,0.0,65.0,0.6046712,0.39532882,0.0,0.0,1.0,0.0,{'0': -5.970000000000001, '1': -5.970000000000001, '2': -5.970000000000001}
500000.0,24000.0,5000.0,240.0,1.0,0.0,435.0,500000.0,24000.0,5000.0,240.0,0.5,0.5,18.0,500000.0,24000.0,5000.0,240.0,0.8248762488365173,0.17512372136116028,72.0,1.0,0.0,0.5,0.5,0.82487625,0.17512372,{'0': -5.970000000000001, '1': -5.970000000000001, '2': -5.970000000000001}
448000.0,95000.0,4480.0,950.0,1.0,0.0,439.0,448000.0,95000.0,4480.0,950.0,0.5,0.5,26.0,448000.0,95000.0,4480.0,950.0,0.0,1.0,79.0,1.0,0.0,0.5,0.5,0.0,1.0,{'0': -5.970000000000001, '1': -5.970000000000001, '2': -5.970000000000001}
557000.0,0.0,5570.0,0.0,1.0,0.0,438.0,557000.0,0.0,5570.0,0.0,1.0,0.0,37.0,557000.0,0.0,5570.0,0.0,1.0,0.0,83.0,1.0,0.0,1.0,0.0,1.0,0.0,{'0': -5.970000000000001, '1': -5.970000000000001, '2': -5.970000000000001}
219000.0,349000.0,2190.0,3490.0,0.49238595366477966,0.507614016532898,432.0,219000.0,349000.0,2190.0,3490.0,0.2911871671676636,0.7088128924369812,50.0,219000.0,349000.0,2190.0,3490.0,0.0,1.0,87.0,0.49238595,0.507614,0.29118717,0.7088129,0.0,1.0,{'0': -5.970000000000001, '1': -5.970000000000001, '2': -5.970000000000001}
401000.0,173000.0,4010.0,1730.0,0.8142629861831665,0.1857370287179947,421.0,401000.0,173000.0,4010.0,1730.0,0.6508816480636597,0.34911832213401794,65.0,401000.0,173000.0,4010.0,1730.0,0.24695193767547607,0.7530481219291687,89.0,0.814263,0.18573703,0.65088165,0.34911832,0.24695194,0.7530481,{'0': -5.970000000000001, '1': -5.970000000000001, '2': -5.970000000000001}
546000.0,30000.0,5460.0,300.0,1.0,0.0,406.0,546000.0,30000.0,5460.0,300.0,0.566481351852417,0.4335186779499054,82.0,546000.0,30000.0,5460.0,300.0,1.0,0.0,89.0,1.0,0.0,0.56648135,0.43351868,1.0,0.0,{'0': -5.970000000000001, '1': -5.970000000000001, '2': -5.970000000000001}
475000.0,99000.0,4750.0,990.0,1.0,0.0,386.0,475000.0,99000.0,4750.0,990.0,0.5,0.5,100.0,475000.0,99000.0,4750.0,990.0,0.4791463315486908,0.5208536386489868,89.0,1.0,0.0,0.5,0.5,0.47914633,0.52085364,{'0': -5.970000000000001, '1': -5.970000000000001, '2': -5.970000000000001}
471000.0,96000.0,4710.0,960.0,0.7135281562805176,0.2864719033241272,363.0,471000.0,96000.0,4710.0,960.0,1.0,0.0,119.0,471000.0,96000.0,4710.0,960.0,1.0,0.0,86.0,0.71352816,0.2864719,1.0,0.0,1.0,0.0,{'0': -5.970000000000001, '1': -5.970000000000001, '2': -5.970000000000001}
513000.0,42000.0,5130.0,420.0,1.0,0.0,336.0,513000.0,42000.0,5130.0,420.0,1.0,0.0,138.0,513000.0,42000.0,5130.0,420.0,0.0,0.0,82.0,1.0,0.0,1.0,0.0,0.0,0.0,{'0': -5.970000000000001, '1': -5.970000000000001, '2': -5.970000000000001}
396000.0,144000.0,3960.0,1440.0,1.0,0.0,307.0,396000.0,144000.0,3960.0,1440.0,0.07531049847602844,0.924689531326294,157.0,396000.0,144000.0,3960.0,1440.0,1.0,0.0,77.0,1.0,0.0,0.0753105,0.92468953,1.0,0.0,{'0': -5.970000000000001, '1': -5.970000000000001, '2': -5.970000000000001}
453000.0,69000.0,4530.0,690.0,1.0,0.0,277.0,453000.0,69000.0,4530.0,690.0,0.6512013077735901,0.3487986922264099,175.0,453000.0,69000.0,4530.0,690.0,0.7261319756507874,0.27386802434921265,71.0,1.0,0.0,0.6512013,0.3487987,0.726132,0.27386802,{'0': -5.970000000000001, '1': -5.970000000000001, '2': -5.970000000000001}
412000.0,87000.0,4120.0,870.0,0.7281362414360046,0.27186375856399536,245.0,412000.0,87000.0,4120.0,870.0,1.0,0.0,192.0,412000.0,87000.0,4120.0,870.0,0.5,0.5,63.0,0.72813624,0.27186376,1.0,0.0,0.5,0.5,{'0': -5.970000000000001, '1': -5.970000000000001, '2': -5.970000000000001}
286000.0,188000.0,2860.0,1880.0,0.36405226588249207,0.6359477639198303,213.0,286000.0,188000.0,2860.0,1880.0,1.0,0.0,207.0,286000.0,188000.0,2860.0,1880.0,0.24527761340141296,0.7547223567962646,55.0,0.36405227,0.63594776,1.0,0.0,0.24527761,0.75472236,{'0': -5.970000000000001, '1': -5.970000000000001, '2': -5.970000000000001}
448000.0,0.0,4480.0,0.0,1.0,0.0,182.0,448000.0,0.0,4480.0,0.0,1.0,0.0,221.0,448000.0,0.0,4480.0,0.0,1.0,0.0,46.0,1.0,0.0,1.0,0.0,1.0,0.0,{'0': -5.970000000000001, '1': -5.970000000000001, '2': -5.970000000000001}
333000.0,87000.0,3330.0,870.0,1.0,0.0,153.0,333000.0,87000.0,3330.0,870.0,0.6309983134269714,0.36900168657302856,232.0,333000.0,87000.0,3330.0,870.0,1.0,0.0,36.0,1.0,0.0,0.6309983,0.3690017,1.0,0.0,{'0': -5.970000000000001, '1': -5.970000000000001, '2': -5.970000000000001}
335000.0,57000.0,3350.0,570.0,0.6911740899085999,0.30882591009140015,125.0,335000.0,57000.0,3350.0,570.0,1.0,0.0,241.0,335000.0,57000.0,3350.0,570.0,0.4142319858074188,0.5857679843902588,27.0,0.6911741,0.3088259,1.0,0.0,0.414232,0.585768,{'0': -5.970000000000001, '1': -5.970000000000001, '2': -5.970000000000001}
215000.0,148000.0,2150.0,1480.0,0.0,0.0,101.0,215000.0,148000.0,2150.0,1480.0,0.6083193421363831,0.39168065786361694,246.0,215000.0,148000.0,2150.0,1480.0,1.0,0.0,17.0,0.0,0.0,0.60831934,0.39168066,1.0,0.0,{'0': -5.970000000000001, '1': -5.970000000000001, '2': -5.970000000000001}
234000.0,102000.0,2340.0,1020.0,1.0,0.0,80.0,234000.0,102000.0,2340.0,1020.0,0.5798476934432983,0.4201522767543793,249.0,234000.0,102000.0,2340.0,1020.0,0.0,1.0,8.0,1.0,0.0,0.5798477,0.42015228,0.0,1.0,{'0': -5.970000000000001, '1': -5.970000000000001, '2': -5.970000000000001}
279000.0,32000.0,2790.0,320.0,0.4220341145992279,0.5779659152030945,63.0,279000.0,32000.0,2790.0,320.0,1.0,0.0,249.0,279000.0,32000.0,2790.0,320.0,0.5193687081336975,0.4806313216686249,0.0,0.4220341,0.5779659,1.0,0.0,0.5193687,0.48063132,{'0': -5.970000000000001, '1': -5.970000000000001, '2': -5.970000000000001}
223000.0,72000.0,2230.0,720.0,1.0,0.0,50.0,223000.0,72000.0,2230.0,720.0,0.6836373805999756,0.316362589597702,246.0,223000.0,72000.0,2230.0,720.0,1.0,0.0,0.0,1.0,0.0,0.6836374,0.3163626,1.0,0.0,{'0': -5.970000000000001, '1': -5.970000000000001, '2': -5.970000000000001}
255000.0,26000.0,2550.0,260.0,1.0,0.0,42.0,255000.0,26000.0,2550.0,260.0,0.869342565536499,0.13065743446350098,240.0,255000.0,26000.0,2550.0,260.0,1.0,0.0,0.0,1.0,0.0,0.86934257,0.13065743,1.0,0.0,{'0': -5.970000000000001, '1': -5.970000000000001, '2': -5.970000000000001}
270000.0,0.0,2700.0,0.0,0.9949049949645996,0.0050949826836586,40.0,270000.0,0.0,2700.0,0.0,1.0,0.0,231.0,270000.0,0.0,2700.0,0.0,1.0,0.0,0.0,0.994905,0.0050949827,1.0,0.0,1.0,0.0,{'0': -5.970000000000001, '1': -5.970000000000001, '2': -5.970000000000001}
260000.0,0.0,2600.0,0.0,1.0,0.0,42.0,260000.0,0.0,2600.0,0.0,1.0,0.0,219.0,260000.0,0.0,2600.0,0.0,1.0,0.0,0.0,1.0,0.0,1.0,0.0,1.0,0.0,{'0': -5.970000000000001, '1': -5.970000000000001, '2': -5.970000000000001}
253000.0,0.0,2530.0,0.0,1.0,0.0,49.0,253000.0,0.0,2530.0,0.0,1.0,0.0,205.0,253000.0,0.0,2530.0,0.0,1.0,0.0,0.0,1.0,0.0,1.0,0.0,1.0,0.0,{'0': -5.970000000000001, '1': -5.970000000000001, '2': -5.970000000000001}
228000.0,22000.0,2280.0,220.0,1.0,0.0,61.0,228000.0,22000.0,2280.0,220.0,0.8755577802658081,0.1244422048330307,190.0,228000.0,22000.0,2280.0,220.0,0.7966622114181519,0.20333774387836456,0.0,1.0,0.0,0.8755578,0.124442205,0.7966622,0.20333774,{'0': -5.970000000000001, '1': -5.970000000000001, '2': -5.970000000000001}
249000.0,0.0,2490.0,0.0,1.0,0.0,78.0,249000.0,0.0,2490.0,0.0,1.0,0.0,172.0,249000.0,0.0,2490.0,0.0,0.0,1.0,0.0,1.0,0.0,1.0,0.0,0.0,1.0,{'0': -5.970000000000001, '1': -5.970000000000001, '2': -5.970000000000001}
252000.0,0.0,2520.0,0.0,1.0,0.0,99.0,252000.0,0.0,2520.0,0.0,1.0,0.0,154.0,252000.0,0.0,2520.0,0.0,0.5,0.5,0.0,1.0,0.0,1.0,0.0,0.5,0.5,{'0': -5.970000000000001, '1': -5.970000000000001, '2': -5.970000000000001}
123000.0,134000.0,1230.0,1340.0,1.0,0.0,123.0,123000.0,134000.0,1230.0,1340.0,0.0,1.0,135.0,123000.0,134000.0,1230.0,1340.0,0.5855322480201721,0.41446778178215027,0.0,1.0,0.0,0.0,1.0,0.58553225,0.41446778,{'0': -5.970000000000001, '1': -5.970000000000001, '2': -5.970000000000001}
193000.0,72000.0,1930.0,720.0,0.0,0.0,150.0,193000.0,72000.0,1930.0,720.0,1.0,0.0,116.0,193000.0,72000.0,1930.0,720.0,0.7144631147384644,0.28553685545921326,0.0,0.0,0.0,1.0,0.0,0.7144631,0.28553686,{'0': -5.970000000000001, '1': -5.970000000000001, '2': -5.970000000000001}
276000.0,0.0,2760.0,0.0,1.0,0.0,180.0,276000.0,0.0,2760.0,0.0,1.0,0.0,97.0,276000.0,0.0,2760.0,0.0,1.0,0.0,0.0,1.0,0.0,1.0,0.0,1.0,0.0,{'0': -5.970000000000001, '1': -5.970000000000001, '2': -5.970000000000001}
194000.0,95000.0,1940.0,950.0,0.5512715578079224,0.4487284719944,211.0,194000.0,95000.0,1940.0,950.0,1.0,0.0,79.0,194000.0,95000.0,1940.0,950.0,0.7562105655670166,0.24378947913646698,0.0,0.55127156,0.44872847,1.0,0.0,0.75621057,0.24378948,{'0': -5.970000000000001, '1': -5.970000000000001, '2': -5.970000000000001}
186000.0,118000.0,1860.0,1180.0,0.0,0.0,242.0,186000.0,118000.0,1860.0,1180.0,1.0,0.0,63.0,186000.0,118000.0,1860.0,1180.0,1.0,0.0,0.0,0.0,0.0,1.0,0.0,1.0,0.0,{'0': -5.970000000000001, '1': -5.970000000000001, '2': -5.970000000000001}
22000.0,305000.0,220.0,3050.0,0.0,1.0,274.0,22000.0,305000.0,220.0,3050.0,0.27100256085395813,0.7289974093437195,48.0,22000.0,305000.0,220.0,3050.0,1.0,0.0,6.0,0.0,1.0,0.27100256,0.7289974,1.0,0.0,{'0': -5.970000000000001, '1': -5.970000000000001, '2': -5.970000000000001}
204000.0,151000.0,2040.0,1510.0,0.5,0.5,305.0,204000.0,151000.0,2040.0,1510.0,1.0,0.0,35.0,204000.0,151000.0,2040.0,1510.0,0.0,0.0,16.0,0.5,0.5,1.0,0.0,0.0,0.0,{'0': -5.970000000000001, '1': -5.970000000000001, '2': -5.970000000000001}
361000.0,21000.0,3610.0,210.0,1.0,0.0,334.0,361000.0,21000.0,3610.0,210.0,0.8989992141723633,0.10100080817937851,24.0,361000.0,21000.0,3610.0,210.0,0.354351669549942,0.6456483006477356,25.0,1.0,0.0,0.8989992,0.10100081,0.35435167,0.6456483,{'0': -5.970000000000001, '1': -5.970000000000001, '2': -5.970000000000001}
412000.0,0.0,4120.0,0.0,1.0,0.0,361.0,412000.0,0.0,4120.0,0.0,1.0,0.0,17.0,412000.0,0.0,4120.0,0.0,1.0,0.0,35.0,1.0,0.0,1.0,0.0,1.0,0.0,{'0': -5.970000000000001, '1': -5.970000000000001, '2': -5.970000000000001}
433000.0,6000.0,4330.0,60.0,1.0,0.0,384.0,433000.0,6000.0,4330.0,60.0,0.5761666893959045,0.42383328080177307,12.0,433000.0,6000.0,4330.0,60.0,1.0,0.0,44.0,1.0,0.0,0.5761667,0.42383328,1.0,0.0,{'0': -5.970000000000001, '1': -5.970000000000001, '2': -5.970000000000001}
445000.0,21000.0,4450.0,210.0,1.0,0.0,404.0,445000.0,21000.0,4450.0,210.0,1.0,0.0,10.0,445000.0,21000.0,4450.0,210.0,0.5099400877952576,0.49005991220474243,53.0,1.0,0.0,1.0,0.0,0.5099401,0.4900599,{'0': -5.970000000000001, '1': -5.970000000000001, '2': -5.970000000000001}
263000.0,228000.0,2630.0,2280.0,0.5191705822944641,0.4808293581008911,420.0,263000.0,228000.0,2630.0,2280.0,0.49247410893440247,0.5075259208679199,11.0,263000.0,228000.0,2630.0,2280.0,0.6237096190452576,0.37629035115242004,61.0,0.5191706,0.48082936,0.4924741,0.5075259,0.6237096,0.37629035,{'0': -5.970000000000001, '1': -5.970000000000001, '2': -5.970000000000001}
285000.0,229000.0,2850.0,2290.0,0.0,0.0,431.0,285000.0,229000.0,2850.0,2290.0,1.0,0.0,15.0,285000.0,229000.0,2850.0,2290.0,1.0,0.0,69.0,0.0,0.0,1.0,0.0,1.0,0.0,{'0': -5.970000000000001, '1': -5.970000000000001, '2': -5.970000000000001}
534000.0,0.0,5340.0,0.0,1.0,0.0,438.0,534000.0,0.0,5340.0,0.0,1.0,0.0,21.0,534000.0,0.0,5340.0,0.0,1.0,0.0,76.0,1.0,0.0,1.0,0.0,1.0,0.0,{'0': -5.970000000000001, '1': -5.970000000000001, '2': -5.970000000000001}
512000.0,38000.0,5120.0,380.0,1.0,0.0,439.0,512000.0,38000.0,5120.0,380.0,1.0,0.0,31.0,512000.0,38000.0,5120.0,380.0,0.5585207939147949,0.4414791762828827,81.0,1.0,0.0,1.0,0.0,0.5585208,0.44147918,{'0': -5.970000000000001, '1': -5.970000000000001, '2': -5.970000000000001}
299000.0,264000.0,2990.0,2640.0,0.49166473746299744,0.5083352327346802,436.0,299000.0,264000.0,2990.0,2640.0,0.5,0.5,43.0,299000.0,264000.0,2990.0,2640.0,0.7769508361816406,0.22304916381835938,85.0,0.49166474,0.50833523,0.5,0.5,0.77695084,0.22304916,{'0': -5.970000000000001, '1': -5.970000000000001, '2': -5.970000000000001}
558000.0,14000.0,5580.0,140.0,1.0,0.0,427.0,558000.0,14000.0,5580.0,140.0,1.0,0.0,58.0,558000.0,14000.0,5580.0,140.0,0.8674120903015137,0.13258790969848633,88.0,1.0,0.0,1.0,0.0,0.8674121,0.13258791,{'0': -5.970000000000001, '1': -5.970000000000001, '2': -5.970000000000001}
576000.0,0.0,5760.0,0.0,1.0,0.0,414.0,576000.0,0.0,5760.0,0.0,1.0,0.0,74.0,576000.0,0.0,5760.0,0.0,1.0,0.0,89.0,1.0,0.0,1.0,0.0,1.0,0.0,{'0': -5.970000000000001, '1': -5.970000000000001, '2': -5.970000000000001}
439000.0,136000.0,4390.0,1360.0,1.0,0.0,396.0,439000.0,136000.0,4390.0,1360.0,0.0,1.0,91.0,439000.0,136000.0,4390.0,1360.0,0.5,0.5,89.0,1.0,0.0,0.0,1.0,0.5,0.5,{'0': -5.970000000000001, '1': -5.970000000000001, '2': -5.970000000000001}
570000.0,0.0,5700.0,0.0,1.0,0.0,374.0,570000.0,0.0,5700.0,0.0,1.0,0.0,110.0,570000.0,0.0,5700.0,0.0,1.0,0.0,87.0,1.0,0.0,1.0,0.0,1.0,0.0,{'0': -5.970000000000001, '1': -5.970000000000001, '2': -5.970000000000001}
338000.0,223000.0,3380.0,2230.0,0.6972641348838806,0.3027358055114746,349.0,338000.0,223000.0,3380.0,2230.0,0.6963008642196655,0.30369916558265686,129.0,338000.0,223000.0,3380.0,2230.0,0.0604490265250206,0.9395509958267212,84.0,0.69726413,0.3027358,0.69630086,0.30369917,0.060449027,0.939551,{'0': -5.970000000000001, '1': -5.970000000000001, '2': -5.970000000000001}
410000.0,138000.0,4100.0,1380.0,0.9284181594848633,0.07158184796571732,321.0,410000.0,138000.0,4100.0,1380.0,0.39010509848594666,0.6098949909210205,148.0,410000.0,138000.0,4100.0,1380.0,0.6019383668899536,0.3980616331100464,80.0,0.92841816,0.07158185,0.3901051,0.609895,0.60193837,0.39806163,{'0': -5.970000000000001, '1': -5.970000000000001, '2': -5.970000000000001}
331000.0,200000.0,3310.0,2000.0,0.5,0.5,292.0,331000.0,200000.0,3310.0,2000.0,0.6913360357284546,0.3086639642715454,166.0,331000.0,200000.0,3310.0,2000.0,0.7744778990745544,0.22552208602428436,74.0,0.5,0.5,0.69133604,0.30866396,0.7744779,0.22552209,{'0': -5.970000000000001, '1': -5.970000000000001, '2': -5.970000000000001}
394000.0,116000.0,3940.0,1160.0,0.7856558561325073,0.21434415876865387,260.0,394000.0,116000.0,3940.0,1160.0,1.0,0.0,184.0,394000.0,116000.0,3940.0,1160.0,0.0,1.0,67.0,0.78565586,0.21434416,1.0,0.0,0.0,1.0,{'0': -5.970000000000001, '1': -5.970000000000001, '2': -5.970000000000001}
341000.0,145000.0,3410.0,1450.0,0.3477546274662018,0.6522454023361206,228.0,341000.0,145000.0,3410.0,1450.0,1.0,0.0,200.0,341000.0,145000.0,3410.0,1450.0,1.0,0.0,59.0,0.34775463,0.6522454,1.0,0.0,1.0,0.0,{'0': -5.970000000000001, '1': -5.970000000000001, '2': -5.970000000000001}
209000.0,252000.0,2090.0,2520.0,0.6217924356460571,0.3782075345516205,197.0,209000.0,252000.0,2090.0,2520.0,0.3436707854270935,0.6563292145729065,215.0,209000.0,252000.0,2090.0,2520.0,0.0,0.0,50.0,0.62179244,0.37820753,0.3436708,0.6563292,0.0,0.0,{'0': -5.970000000000001, '1': -5.970000000000001, '2': -5.970000000000001}
434000.0,0.0,4340.0,0.0,1.0,0.0,167.0,434000.0,0.0,4340.0,0.0,1.0,0.0,227.0,434000.0,0.0,4340.0,0.0,1.0,0.0,41.0,1.0,0.0,1.0,0.0,1.0,0.0,{'0': -5.970000000000001, '1': -5.970000000000001, '2': -5.970000000000001}
243000.0,163000.0,2430.0,1630.0,0.7417754530906677,0.25822457671165466,138.0,243000.0,163000.0,2430.0,1630.0,0.5,0.5,237.0,243000.0,163000.0,2430.0,1630.0,0.5,0.5,32.0,0.74177545,0.25822458,0.5,0.5,0.5,0.5,{'0': -5.970000000000001, '1': -5.970000000000001, '2': -5.970000000000001}
125000.0,252000.0,1250.0,2520.0,1.0,0.0,112.0,125000.0,252000.0,1250.0,2520.0,0.02047671750187874,0.9795233011245728,244.0,125000.0,252000.0,1250.0,2520.0,0.0,0.0,22.0,1.0,0.0,0.020476718,0.9795233,0.0,0.0,{'0': -5.970000000000001, '1': -5.970000000000001, '2': -5.970000000000001}
214000.0,135000.0,2140.0,1350.0,1.0,0.0,89.0,214000.0,135000.0,2140.0,1350.0,0.5,0.5,248.0,214000.0,135000.0,2140.0,1350.0,0.0,1.0,13.0,1.0,0.0,0.5,0.5,0.0,1.0,{'0': -5.970000000000001, '1': -5.970000000000001, '2': -5.970000000000001}
321000.0,1000.0,3210.0,10.0,1.0,0.0,70.0,321000.0,1000.0,3210.0,10.0,1.0,0.0,249.0,321000.0,1000.0,3210.0,10.0,0.0,0.0,4.0,1.0,0.0,1.0,0.0,0.0,0.0,{'0': -5.970000000000001, '1': -5.970000000000001, '2': -5.970000000000001}
302000.0,0.0,3020.0,0.0,1.0,0.0,55.0,302000.0,0.0,3020.0,0.0,1.0,0.0,248.0,302000.0,0.0,3020.0,0.0,0.49726444482803345,0.5027356147766113,0.0,1.0,0.0,1.0,0.0,0.49726444,0.5027356,{'0': -5.970000000000001, '1': -5.970000000000001, '2': -5.970000000000001}
287000.0,0.0,2870.0,0.0,1.0,0.0,45.0,287000.0,0.0,2870.0,0.0,1.0,0.0,243.0,287000.0,0.0,2870.0,0.0,1.0,0.0,0.0,1.0,0.0,1.0,0.0,1.0,0.0,{'0': -5.970000000000001, '1': -5.970000000000001, '2': -5.970000000000001}
185000.0,89000.0,1850.0,890.0,0.5,0.5,40.0,185000.0,89000.0,1850.0,890.0,0.6981567740440369,0.30184322595596313,235.0,185000.0,89000.0,1850.0,890.0,1.0,0.0,0.0,0.5,0.5,0.6981568,0.30184323,1.0,0.0,{'0': -5.970000000000001, '1': -5.970000000000001, '2': -5.970000000000001}
264000.0,0.0,2640.0,0.0,1.0,0.0,40.0,264000.0,0.0,2640.0,0.0,1.0,0.0,225.0,264000.0,0.0,2640.0,0.0,0.0,1.0,0.0,1.0,0.0,1.0,0.0,0.0,1.0,{'0': -5.970000000000001, '1': -5.970000000000001, '2': -5.970000000000001}
256000.0,0.0,2560.0,0.0,1.0,0.0,45.0,256000.0,0.0,2560.0,0.0,1.0,0.0,212.0,256000.0,0.0,2560.0,0.0,0.4971219301223755,0.5028780698776245,0.0,1.0,0.0,1.0,0.0,0.49712193,0.50287807,{'0': -5.970000000000001, '1': -5.970000000000001, '2': -5.970000000000001}
22000.0,229000.0,220.0,2290.0,0.5,0.5,55.0,22000.0,229000.0,220.0,2290.0,0.0,1.0,197.0,22000.0,229000.0,220.0,2290.0,0.9735256433486938,0.026474356651306152,0.0,0.5,0.5,0.0,1.0,0.97352564,0.026474357,{'0': -5.970000000000001, '1': -5.970000000000001, '2': -5.970000000000001}
195000.0,54000.0,1950.0,540.0,0.29576829075813293,0.7042316794395447,69.0,195000.0,54000.0,1950.0,540.0,1.0,0.0,181.0,195000.0,54000.0,1950.0,540.0,0.5,0.5,0.0,0.2957683,0.7042317,1.0,0.0,0.5,0.5,{'0': -5.970000000000001, '1': -5.970000000000001, '2': -5.970000000000001}
219000.0,31000.0,2190.0,310.0,0.5822209715843201,0.41777896881103516,88.0,219000.0,31000.0,2190.0,310.0,1.0,0.0,163.0,219000.0,31000.0,2190.0,310.0,0.0,1.0,0.0,0.582221,0.41777897,1.0,0.0,0.0,1.0,{'0': -5.970000000000001, '1': -5.970000000000001, '2': -5.970000000000001}
254000.0,0.0,2540.0,0.0,1.0,0.0,111.0,254000.0,0.0,2540.0,0.0,1.0,0.0,144.0,254000.0,0.0,2540.0,0.0,0.5,0.5,0.0,1.0,0.0,1.0,0.0,0.5,0.5,{'0': -5.970000000000001, '1': -5.970000000000001, '2': -5.970000000000001}
141000.0,120000.0,1410.0,1200.0,0.0,0.0,137.0,141000.0,120000.0,1410.0,1200.0,0.5,0.5,125.0,141000.0,120000.0,1410.0,1200.0,1.0,0.0,0.0,0.0,0.0,0.5,0.5,1.0,0.0,{'0': -5.970000000000001, '1': -5.970000000000001, '2': -5.970000000000001}
270000.0,0.0,2700.0,0.0,1.0,0.0,165.0,270000.0,0.0,2700.0,0.0,1.0,0.0,106.0,270000.0,0.0,2700.0,0.0,0.8669806122779846,0.13301943242549896,0.0,1.0,0.0,1.0,0.0,0.8669806,0.13301943,{'0': -5.970000000000001, '1': -5.970000000000001, '2': -5.970000000000001}
164000.0,119000.0,1640.0,1190.0,0.619783341884613,0.3802166283130646,196.0,164000.0,119000.0,1640.0,1190.0,0.500796914100647,0.499203085899353,88.0,164000.0,119000.0,1640.0,1190.0,0.6508654952049255,0.34913450479507446,0.0,0.61978334,0.38021663,0.5007969,0.4992031,0.6508655,0.3491345,{'0': -5.970000000000001, '1': -5.970000000000001, '2': -5.970000000000001}
256000.0,41000.0,2560.0,410.0,0.8410910964012146,0.158908873796463,227.0,256000.0,41000.0,2560.0,410.0,1.0,0.0,71.0,256000.0,41000.0,2560.0,410.0,0.47617408633232117,0.5238258838653564,0.0,0.8410911,0.15890887,1.0,0.0,0.4761741,0.5238259,{'0': -5.970000000000001, '1': -5.970000000000001, '2': -5.970000000000001}
192000.0,123000.0,1920.0,1230.0,0.7068358659744263,0.29316413402557373,259.0,192000.0,123000.0,1920.0,1230.0,0.0,1.0,55.0,192000.0,123000.0,1920.0,1230.0,0.5,0.5,2.0,0.70683587,0.29316413,0.0,1.0,0.5,0.5,{'0': -5.970000000000001, '1': -5.970000000000001, '2': -5.970000000000001}
196000.0,145000.0,1960.0,1450.0,0.0,0.0,290.0,196000.0,145000.0,1960.0,1450.0,0.8851989507675171,0.11480105668306351,41.0,196000.0,145000.0,1960.0,1450.0,0.9080690741539001,0.09193098545074463,11.0,0.0,0.0,0.88519895,0.11480106,0.9080691,0.091930985,{'0': -5.970000000000001, '1': -5.970000000000001, '2': -5.970000000000001}
358000.0,10000.0,3580.0,100.0,1.0,0.0,320.0,358000.0,10000.0,3580.0,100.0,1.0,0.0,29.0,358000.0,10000.0,3580.0,100.0,0.4699128270149231,0.5300871729850769,20.0,1.0,0.0,1.0,0.0,0.46991283,0.5300872,{'0': -5.970000000000001, '1': -5.970000000000001, '2': -5.970000000000001}
384000.0,13000.0,3840.0,130.0,1.0,0.0,348.0,384000.0,13000.0,3840.0,130.0,0.5,0.5,20.0,384000.0,13000.0,3840.0,130.0,0.7938594222068787,0.20614057779312134,30.0,1.0,0.0,0.5,0.5,0.7938594,0.20614058,{'0': -5.970000000000001, '1': -5.970000000000001, '2': -5.970000000000001}
422000.0,3000.0,4220.0,30.0,1.0,0.0,373.0,422000.0,3000.0,4220.0,30.0,0.7986652255058289,0.20133478939533234,14.0,422000.0,3000.0,4220.0,30.0,1.0,0.0,39.0,1.0,0.0,0.7986652,0.20133479,1.0,0.0,{'0': -5.970000000000001, '1': -5.970000000000001, '2': -5.970000000000001}
453000.0,0.0,4530.0,0.0,1.0,0.0,395.0,453000.0,0.0,4530.0,0.0,1.0,0.0,10.0,453000.0,0.0,4530.0,0.0,1.0,0.0,49.0,1.0,0.0,1.0,0.0,1.0,0.0,{'0': -5.970000000000001, '1': -5.970000000000001, '2': -5.970000000000001}
469000.0,10000.0,4690.0,100.0,1.0,0.0,413.0,469000.0,10000.0,4690.0,100.0,0.5,0.5,10.0,469000.0,10000.0,4690.0,100.0,0.8935173153877258,0.10648269951343536,57.0,1.0,0.0,0.5,0.5,0.8935173,0.1064827,{'0': -5.970000000000001, '1': -5.970000000000001, '2': -5.970000000000001}
272000.0,232000.0,2720.0,2320.0,0.5,0.5,427.0,272000.0,232000.0,2720.0,2320.0,1.0,0.0,12.0,272000.0,232000.0,2720.0,2320.0,0.5596428513526917,0.44035711884498596,66.0,0.5,0.5,1.0,0.0,0.55964285,0.44035712,{'0': -5.970000000000001, '1': -5.970000000000001, '2': -5.970000000000001}
371000.0,154000.0,3710.0,1540.0,0.7704715728759766,0.22952839732170105,435.0,371000.0,154000.0,3710.0,1540.0,0.0,1.0,18.0,371000.0,154000.0,3710.0,1540.0,0.0,0.0,73.0,0.7704716,0.2295284,0.0,1.0,0.0,0.0,{'0': -5.970000000000001, '1': -5.970000000000001, '2': -5.970000000000001}
105000.0,438000.0,1050.0,4380.0,0.0,1.0,439.0,105000.0,438000.0,1050.0,4380.0,1.0,0.0,26.0,105000.0,438000.0,1050.0,4380.0,1.0,0.0,79.0,0.0,1.0,1.0,0.0,1.0,0.0,{'0': -5.970000000000001, '1': -5.970000000000001, '2': -5.970000000000001}
547000.0,11000.0,5470.0,110.0,1.0,0.0,438.0,547000.0,11000.0,5470.0,110.0,1.0,0.0,37.0,547000.0,11000.0,5470.0,110.0,0.8388413786888123,0.16115857660770416,84.0,1.0,0.0,1.0,0.0,0.8388414,0.16115858,{'0': -5.970000000000001, '1': -5.970000000000001, '2': -5.970000000000001}
474000.0,94000.0,4740.0,940.0,0.8110916018486023,0.1889084130525589,432.0,474000.0,94000.0,4740.0,940.0,1.0,0.0,50.0,474000.0,94000.0,4740.0,940.0,0.8270827531814575,0.17291730642318726,87.0,0.8110916,0.18890841,1.0,0.0,0.82708275,0.1729173,{'0': -5.970000000000001, '1': -5.970000000000001, '2': -5.970000000000001}
308000.0,267000.0,3080.0,2670.0,0.5438023209571838,0.45619767904281616,421.0,308000.0,267000.0,3080.0,2670.0,0.0,1.0,66.0,308000.0,267000.0,3080.0,2670.0,1.0,0.0,89.0,0.5438023,0.45619768,0.0,1.0,1.0,0.0,{'0': -5.970000000000001, '1': -5.970000000000001, '2': -5.970000000000001}
576000.0,0.0,5760.0,0.0,1.0,0.0,405.0,576000.0,0.0,5760.0,0.0,1.0,0.0,83.0,576000.0,0.0,5760.0,0.0,1.0,0.0,89.0,1.0,0.0,1.0,0.0,1.0,0.0,{'0': -5.970000000000001, '1': -5.970000000000001, '2': -5.970000000000001}
448000.0,125000.0,4480.0,1250.0,0.7343206405639648,0.26567932963371277,385.0,448000.0,125000.0,4480.0,1250.0,0.6658419370651245,0.3341580331325531,101.0,448000.0,125000.0,4480.0,1250.0,1.0,0.0,88.0,0.73432064,0.26567933,0.66584194,0.33415803,1.0,0.0,{'0': -5.970000000000001, '1': -5.970000000000001, '2': -5.970000000000001}
330000.0,237000.0,3300.0,2370.0,0.0,0.0,362.0,330000.0,237000.0,3300.0,2370.0,0.6293363571166992,0.3706636428833008,120.0,330000.0,237000.0,3300.0,2370.0,0.9320732355117798,0.06792671233415604,86.0,0.0,0.0,0.62933636,0.37066364,0.93207324,0.06792671,{'0': -5.970000000000001, '1': -5.970000000000001, '2': -5.970000000000001}
494000.0,61000.0,4940.0,610.0,1.0,0.0,335.0,494000.0,61000.0,4940.0,610.0,0.5180360674858093,0.4819639325141907,139.0,494000.0,61000.0,4940.0,610.0,0.9948006868362427,0.005199287086725235,82.0,1.0,0.0,0.51803607,0.48196393,0.9948007,0.005199287,{'0': -5.970000000000001, '1': -5.970000000000001, '2': -5.970000000000001}
325000.0,215000.0,3250.0,2150.0,0.0,0.0,306.0,325000.0,215000.0,3250.0,2150.0,0.7328964471817017,0.2671035826206207,158.0,325000.0,215000.0,3250.0,2150.0,0.8215447068214417,0.17845527827739716,77.0,0.0,0.0,0.73289645,0.26710358,0.8215447,0.17845528,{'0': -5.970000000000001, '1': -5.970000000000001, '2': -5.970000000000001}
372000.0,148000.0,3720.0,1480.0,0.0,0.0,275.0,372000.0,148000.0,3720.0,1480.0,1.0,0.0,176.0,372000.0,148000.0,3720.0,1480.0,0.6244193315505981,0.37558063864707947,70.0,0.0,0.0,1.0,0.0,0.62441933,0.37558064,{'0': -5.970000000000001, '1': -5.970000000000001, '2': -5.970000000000001}
362000.0,137000.0,3620.0,1370.0,0.5,0.5,244.0,362000.0,137000.0,3620.0,1370.0,1.0,0.0,193.0,362000.0,137000.0,3620.0,1370.0,1.0,0.0,63.0,0.5,0.5,1.0,0.0,1.0,0.0,{'0': -5.970000000000001, '1': -5.970000000000001, '2': -5.970000000000001}
269000.0,204000.0,2690.0,2040.0,0.5,0.5,212.0,269000.0,204000.0,2690.0,2040.0,0.5687136650085449,0.4312863051891327,208.0,269000.0,204000.0,2690.0,2040.0,1.0,0.0,54.0,0.5,0.5,0.56871367,0.4312863,1.0,0.0,{'0': -5.970000000000001, '1': -5.970000000000001, '2': -5.970000000000001}
234000.0,212000.0,2340.0,2120.0,0.4654850959777832,0.5345149040222168,181.0,234000.0,212000.0,2340.0,2120.0,0.0,0.0,221.0,234000.0,212000.0,2340.0,2120.0,1.0,0.0,45.0,0.4654851,0.5345149,0.0,0.0,1.0,0.0,{'0': -5.970000000000001, '1': -5.970000000000001, '2': -5.970000000000001}
113000.0,305000.0,1130.0,3050.0,0.538765549659729,0.4612343907356262,151.0,113000.0,305000.0,1130.0,3050.0,0.0,1.0,232.0,113000.0,305000.0,1130.0,3050.0,0.6533865928649902,0.34661340713500977,36.0,0.53876555,0.4612344,0.0,1.0,0.6533866,0.3466134,{'0': -5.970000000000001, '1': -5.970000000000001, '2': -5.970000000000001}
195000.0,196000.0,1950.0,1960.0,1.0,0.0,124.0,195000.0,196000.0,1950.0,1960.0,0.2128896266222,0.7871103882789612,241.0,195000.0,196000.0,1950.0,1960.0,1.0,0.0,27.0,1.0,0.0,0.21288963,0.7871104,1.0,0.0,{'0': -5.970000000000001, '1': -5.970000000000001, '2': -5.970000000000001}
287000.0,76000.0,2870.0,760.0,1.0,0.0,100.0,287000.0,76000.0,2870.0,760.0,0.6934358477592468,0.3065641224384308,247.0,287000.0,76000.0,2870.0,760.0,1.0,0.0,17.0,1.0,0.0,0.69343585,0.30656412,1.0,0.0,{'0': -5.970000000000001, '1': -5.970000000000001, '2': -5.970000000000001}
176000.0,159000.0,1760.0,1590.0,0.5349979996681213,0.4650019705295563,79.0,176000.0,159000.0,1760.0,1590.0,0.0,0.0,249.0,176000.0,159000.0,1760.0,1590.0,1.0,0.0,8.0,0.534998,0.46500197,0.0,0.0,1.0,0.0,{'0': -5.970000000000001, '1': -5.970000000000001, '2': -5.970000000000001}
214000.0,96000.0,2140.0,960.0,0.5,0.5,62.0,214000.0,96000.0,2140.0,960.0,0.6624091863632202,0.3375908136367798,249.0,214000.0,96000.0,2140.0,960.0,0.6823554039001465,0.3176445960998535,0.0,0.5,0.5,0.6624092,0.3375908,0.6823554,0.3176446,{'0': -5.970000000000001, '1': -5.970000000000001, '2': -5.970000000000001}
125000.0,170000.0,1250.0,1700.0,0.5226852297782898,0.4773147702217102,50.0,125000.0,170000.0,1250.0,1700.0,0.38164106011390686,0.6183589696884155,246.0,125000.0,170000.0,1250.0,1700.0,0.0,0.0,0.0,0.5226852,0.47731477,0.38164106,0.61835897,0.0,0.0,{'0': -5.970000000000001, '1': -5.970000000000001, '2': -5.970000000000001}
64000.0,216000.0,640.0,2160.0,0.0,0.0,42.0,64000.0,216000.0,640.0,2160.0,0.16613517701625824,0.8338648676872253,239.0,64000.0,216000.0,640.0,2160.0,0.0,1.0,0.0,0.0,0.0,0.16613518,0.83386487,0.0,1.0,{'0': -5.970000000000001, '1': -5.970000000000001, '2': -5.970000000000001}
123000.0,146000.0,1230.0,1460.0,0.5,0.5,40.0,123000.0,146000.0,1230.0,1460.0,0.5010485053062439,0.4989514946937561,230.0,123000.0,146000.0,1230.0,1460.0,1.0,0.0,0.0,0.5,0.5,0.5010485,0.4989515,1.0,0.0,{'0': -5.970000000000001, '1': -5.970000000000001, '2': -5.970000000000001}
42000.0,218000.0,420.0,2180.0,1.0,0.0,42.0,42000.0,218000.0,420.0,2180.0,0.0,1.0,219.0,42000.0,218000.0,420.0,2180.0,1.0,0.0,0.0,1.0,0.0,0.0,1.0,1.0,0.0,{'0': -5.970000000000001, '1': -5.970000000000001, '2': -5.970000000000001}
229000.0,25000.0,2290.0,250.0,0.0,0.0,50.0,229000.0,25000.0,2290.0,250.0,1.0,0.0,205.0,229000.0,25000.0,2290.0,250.0,0.5,0.5,0.0,0.0,0.0,1.0,0.0,0.5,0.5,{'0': -5.970000000000001, '1': -5.970000000000001, '2': -5.970000000000001}
219000.0,31000.0,2190.0,310.0,0.5089176297187805,0.4910823702812195,62.0,219000.0,31000.0,2190.0,310.0,1.0,0.0,189.0,219000.0,31000.0,2190.0,310.0,0.4634184241294861,0.5365815758705139,0.0,0.5089176,0.49108237,1.0,0.0,0.46341842,0.5365816,{'0': -5.970000000000001, '1': -5.970000000000001, '2': -5.970000000000001}
125000.0,125000.0,1250.0,1250.0,0.5,0.5,79.0,125000.0,125000.0,1250.0,1250.0,0.47232624888420105,0.5276737213134766,172.0,125000.0,125000.0,1250.0,1250.0,0.6604828834533691,0.33951711654663086,0.0,0.5,0.5,0.47232625,0.5276737,0.6604829,0.33951712,{'0': -5.970000000000001, '1': -5.970000000000001, '2': -5.970000000000001}
160000.0,92000.0,1600.0,920.0,0.6095189452171326,0.39048102498054504,100.0,160000.0,92000.0,1600.0,920.0,0.7071524858474731,0.29284751415252686,153.0,160000.0,92000.0,1600.0,920.0,1.0,0.0,0.0,0.60951895,0.39048102,0.7071525,0.2928475,1.0,0.0,{'0': -5.970000000000001, '1': -5.970000000000001, '2': -5.970000000000001}
197000.0,60000.0,1970.0,600.0,0.0,0.0,124.0,197000.0,60000.0,1970.0,600.0,1.0,0.0,134.0,197000.0,60000.0,1970.0,600.0,0.0,0.0,0.0,0.0,0.0,1.0,0.0,0.0,0.0,{'0': -5.970000000000001, '1': -5.970000000000001, '2': -5.970000000000001}
265000.0,0.0,2650.0,0.0,1.0,0.0,151.0,265000.0,0.0,2650.0,0.0,1.0,0.0,115.0,265000.0,0.0,2650.0,0.0,0.0,1.0,0.0,1.0,0.0,1.0,0.0,0.0,1.0,{'0': -5.970000000000001, '1': -5.970000000000001, '2': -5.970000000000001}
267000.0,10000.0,2670.0,100.0,0.9388003349304199,0.06119971349835396,181.0,267000.0,10000.0,2670.0,100.0,1.0,0.0,97.0,267000.0,10000.0,2670.0,100.0,1.0,0.0,0.0,0.93880033,0.061199713,1.0,0.0,1.0,0.0,{'0': -5.970000000000001, '1': -5.970000000000001, '2': -5.970000000000001}
178000.0,112000.0,1780.0,1120.0,0.5,0.5,212.0,178000.0,112000.0,1780.0,1120.0,1.0,0.0,79.0,178000.0,112000.0,1780.0,1120.0,0.7314497232437134,0.26855021715164185,0.0,0.5,0.5,1.0,0.0,0.7314497,0.26855022,{'0': -5.970000000000001, '1': -5.970000000000001, '2': -5.970000000000001}
185000.0,120000.0,1850.0,1200.0,0.5,0.5,244.0,185000.0,120000.0,1850.0,1200.0,1.0,0.0,62.0,185000.0,120000.0,1850.0,1200.0,0.0,1.0,0.0,0.5,0.5,1.0,0.0,0.0,1.0,{'0': -5.970000000000001, '1': -5.970000000000001, '2': -5.970000000000001}
314000.0,14000.0,3140.0,140.0,1.0,0.0,275.0,314000.0,14000.0,3140.0,140.0,0.7505014538764954,0.24949857592582703,47.0,314000.0,14000.0,3140.0,140.0,0.5,0.5,7.0,1.0,0.0,0.75050145,0.24949858,0.5,0.5,{'0': -5.970000000000001, '1': -5.970000000000001, '2': -5.970000000000001}
241000.0,114000.0,2410.0,1140.0,0.5935560464859009,0.40644389390945435,306.0,241000.0,114000.0,2410.0,1140.0,1.0,0.0,34.0,241000.0,114000.0,2410.0,1140.0,1.0,0.0,16.0,0.59355605,0.4064439,1.0,0.0,1.0,0.0,{'0': -5.970000000000001, '1': -5.970000000000001, '2': -5.970000000000001}
16000.0,367000.0,160.0,3670.0,0.0,1.0,335.0,16000.0,367000.0,160.0,3670.0,0.5038287043571472,0.4961712658405304,24.0,16000.0,367000.0,160.0,3670.0,0.3387496769428253,0.6612502932548523,25.0,0.0,1.0,0.5038287,0.49617127,0.33874968,0.6612503,{'0': -5.970000000000001, '1': -5.970000000000001, '2': -5.970000000000001}
407000.0,5000.0,4070.0,50.0,1.0,0.0,362.0,407000.0,5000.0,4070.0,50.0,0.5238931179046631,0.4761069118976593,16.0,407000.0,5000.0,4070.0,50.0,1.0,0.0,35.0,1.0,0.0,0.5238931,0.4761069,1.0,0.0,{'0': -5.970000000000001, '1': -5.970000000000001, '2': -5.970000000000001}
428000.0,11000.0,4280.0,110.0,1.0,0.0,385.0,428000.0,11000.0,4280.0,110.0,0.0,1.0,11.0,428000.0,11000.0,4280.0,110.0,1.0,0.0,44.0,1.0,0.0,0.0,1.0,1.0,0.0,{'0': -5.970000000000001, '1': -5.970000000000001, '2': -5.970000000000001}
457000.0,10000.0,4570.0,100.0,1.0,0.0,405.0,457000.0,10000.0,4570.0,100.0,0.0,1.0,10.0,457000.0,10000.0,4570.0,100.0,1.0,0.0,53.0,1.0,0.0,0.0,1.0,1.0,0.0,{'0': -5.970000000000001, '1': -5.970000000000001, '2': -5.970000000000001}
492000.0,1000.0,4920.0,10.0,1.0,0.0,421.0,492000.0,1000.0,4920.0,10.0,0.9420223236083984,0.057977642863988876,11.0,492000.0,1000.0,4920.0,10.0,1.0,0.0,62.0,1.0,0.0,0.9420223,0.057977643,1.0,0.0,{'0': -5.970000000000001, '1': -5.970000000000001, '2': -5.970000000000001}
200000.0,315000.0,2000.0,3150.0,0.36369749903678894,0.6363024711608887,432.0,200000.0,315000.0,2000.0,3150.0,0.12391766905784607,0.8760823607444763,15.0,200000.0,315000.0,2000.0,3150.0,0.5,0.5,69.0,0.3636975,0.6363025,0.12391767,0.87608236,0.5,0.5,{'0': -5.970000000000001, '1': -5.970000000000001, '2': -5.970000000000001}
423000.0,112000.0,4230.0,1120.0,0.8413392901420593,0.15866073966026306,438.0,423000.0,112000.0,4230.0,1120.0,0.4915982782840729,0.5084016919136047,22.0,423000.0,112000.0,4230.0,1120.0,0.4387645721435547,0.5612354874610901,76.0,0.8413393,0.15866074,0.49159828,0.5084017,0.43876457,0.5612355,{'0': -5.970000000000001, '1': -5.970000000000001, '2': -5.970000000000001}
545000.0,6000.0,5450.0,60.0,1.0,0.0,439.0,545000.0,6000.0,5450.0,60.0,0.797312319278717,0.20268772542476654,32.0,545000.0,6000.0,5450.0,60.0,1.0,0.0,81.0,1.0,0.0,0.7973123,0.20268773,1.0,0.0,{'0': -5.970000000000001, '1': -5.970000000000001, '2': -5.970000000000001}
546000.0,18000.0,5460.0,180.0,1.0,0.0,435.0,546000.0,18000.0,5460.0,180.0,0.5,0.5,44.0,546000.0,18000.0,5460.0,180.0,1.0,0.0,86.0,1.0,0.0,0.5,0.5,1.0,0.0,{'0': -5.970000000000001, '1': -5.970000000000001, '2': -5.970000000000001}
257000.0,315000.0,2570.0,3150.0,0.5,0.5,427.0,257000.0,315000.0,2570.0,3150.0,0.0,1.0,58.0,257000.0,315000.0,2570.0,3150.0,0.5515239834785461,0.44847601652145386,88.0,0.5,0.5,0.0,1.0,0.551524,0.44847602,{'0': -5.970000000000001, '1': -5.970000000000001, '2': -5.970000000000001}
486000.0,89000.0,4860.0,890.0,1.0,0.0,413.0,486000.0,89000.0,4860.0,890.0,0.9917725920677185,0.008227387443184853,74.0,486000.0,89000.0,4860.0,890.0,0.0,1.0,89.0,1.0,0.0,0.9917726,0.008227387,0.0,1.0,{'0': -5.970000000000001, '1': -5.970000000000001, '2': -5.970000000000001}
183000.0,392000.0,1830.0,3920.0,0.00887801218777895,0.9911220073699951,395.0,183000.0,392000.0,1830.0,3920.0,1.0,0.0,92.0,183000.0,392000.0,1830.0,3920.0,1.0,0.0,89.0,0.008878012,0.991122,1.0,0.0,1.0,0.0,{'0': -5.970000000000001, '1': -5.970000000000001, '2': -5.970000000000001}
482000.0,88000.0,4820.0,880.0,1.0,0.0,373.0,482000.0,88000.0,4820.0,880.0,0.5,0.5,111.0,482000.0,88000.0,4820.0,880.0,0.5,0.5,87.0,1.0,0.0,0.5,0.5,0.5,0.5,{'0': -5.970000000000001, '1': -5.970000000000001, '2': -5.970000000000001}
154000.0,407000.0,1540.0,4070.0,0.0,1.0,348.0,154000.0,407000.0,1540.0,4070.0,0.0,0.0,130.0,154000.0,407000.0,1540.0,4070.0,1.0,0.0,84.0,0.0,1.0,0.0,0.0,1.0,0.0,{'0': -5.970000000000001, '1': -5.970000000000001, '2': -5.970000000000001}
476000.0,71000.0,4760.0,710.0,1.0,0.0,320.0,476000.0,71000.0,4760.0,710.0,0.7708442211151123,0.2291557788848877,149.0,476000.0,71000.0,4760.0,710.0,0.0,0.0,79.0,1.0,0.0,0.7708442,0.22915578,0.0,0.0,{'0': -5.970000000000001, '1': -5.970000000000001, '2': -5.970000000000001}
360000.0,169000.0,3600.0,1690.0,0.5,0.5,290.0,360000.0,169000.0,3600.0,1690.0,1.0,0.0,167.0,360000.0,169000.0,3600.0,1690.0,0.535719096660614,0.4642809331417084,73.0,0.5,0.5,1.0,0.0,0.5357191,0.46428093,{'0': -5.970000000000001, '1': -5.970000000000001, '2': -5.970000000000001}
506000.0,3000.0,5060.0,30.0,1.0,0.0,259.0,506000.0,3000.0,5060.0,30.0,1.0,0.0,185.0,506000.0,3000.0,5060.0,30.0,0.8699979186058044,0.13000205159187317,66.0,1.0,0.0,1.0,0.0,0.8699979,0.13000205,{'0': -5.970000000000001, '1': -5.970000000000001, '2': -5.970000000000001}
352000.0,133000.0,3520.0,1330.0,1.0,0.0,227.0,352000.0,133000.0,3520.0,1330.0,0.5,0.5,201.0,352000.0,133000.0,3520.0,1330.0,0.5,0.5,58.0,1.0,0.0,0.5,0.5,0.5,0.5,{'0': -5.970000000000001, '1': -5.970000000000001, '2': -5.970000000000001}
